nan,-1.141418167707487915e+36,-1.485768265689831397e+36,-2.516858858515279440e+36,-6.935682751892590224e+36,-1.103301536879080862e+37,4.295407531536133279e+36,-5.650242313384168118e+36,-6.811673975305226230e+36,-4.013934998126827254e+36,-5.917273509741917206e+36,-3.072104904115714027e+36,-1.591211102167099620e+37,-1.670667462757744296e+37,1.695862367949467525e+37,2.022310263978201800e+37,1.951452220228652852e+37,-9.193574276265987968e+36,1.696567861705353543e+38,2.101345523385335141e+38,1.174308221351397474e+39,-3.230472805893058786e+38,1.315561266535472681e+40,-1.418947109173861995e+40,2.569550446401133119e+39,-1.259066524440302050e+41,1.167588270238407007e+41,1.046162683984092194e+43,-1.586676824489356534e+42,-6.087815909432871442e+43,7.552166508693447959e+42,6.434355816629751134e+44,-1.173358637857691958e+45,1.692400905544096342e+44,2.529801332529720484e+46,7.695327004880821652e+44,-7.372013491391661232e+46,4.347248018500610531e+45,1.023283643892966680e+48,-8.393031445343804745e+47,-2.604318966173682093e+48,-8.612972714625186368e+48,1.123430757163785150e+49,-4.650744325634272683e+48,-2.311073154464547006e+48,-1.512272751984422467e+51,2.442957074102075352e+50,1.608195018139594908e+53,-1.350853959365796113e+53,5.149238768962080962e+52,3.622399657372725580e+52,3.642377118681304739e+52,-1.899363062275431965e+52,6.223913599705232844e+49,1.518710333100373128e+36
nan,nan,nan,nan,nan,nan,nan,nan,nan,nan,nan,nan,nan,nan,nan,nan,nan,nan,nan,nan,nan,nan,nan,nan,nan,nan,nan,nan,nan,nan,nan,nan,nan,nan,nan,nan,nan,nan,nan,nan,nan,nan,nan,nan,nan,nan,nan,nan,nan,-2.132929464635299498e+52,-2.220853150357168250e+52,-2.078304386253742960e+52,1.305684977939089246e+52,1.528021513033904408e+49,-1.702531097729270222e+36
nan,nan,nan,nan,nan,nan,nan,nan,nan,nan,nan,nan,nan,nan,nan,nan,nan,nan,nan,nan,nan,nan,nan,nan,nan,nan,nan,nan,nan,nan,nan,nan,nan,nan,nan,nan,nan,nan,nan,nan,nan,nan,nan,nan,nan,nan,nan,nan,nan,1.238633905384897692e+53,2.392302784826632667e+52,2.717969045058836210e+52,-9.867616624877731699e+51,-6.709474219188828930e+49,-1.683409368943953164e+36
nan,nan,nan,nan,nan,nan,nan,nan,nan,nan,nan,nan,nan,nan,nan,nan,nan,nan,nan,nan,nan,nan,nan,nan,nan,nan,nan,nan,nan,nan,nan,nan,nan,nan,nan,nan,nan,nan,nan,nan,nan,nan,nan,nan,nan,nan,nan,nan,nan,-5.726468643950072044e+52,-3.556478869502450695e+52,-4.235066599543834060e+52,4.663827698642708752e+51,-1.473922703255906740e+50,-1.664287335839525987e+36
nan,nan,nan,nan,nan,nan,nan,nan,nan,nan,nan,nan,nan,nan,nan,nan,nan,nan,nan,nan,nan,nan,nan,nan,nan,nan,nan,nan,nan,nan,nan,nan,nan,nan,nan,nan,nan,nan,nan,nan,nan,nan,nan,nan,nan,nan,nan,nan,nan,-8.482100039974052275e+52,-8.537805242997086207e+52,3.828607917512518860e+51,-1.162160392924089989e+51,1.420956339779355941e+50,-1.645164853657352504e+36
nan,nan,nan,nan,nan,nan,nan,nan,nan,nan,nan,nan,nan,nan,nan,nan,nan,nan,nan,nan,nan,nan,nan,nan,nan,nan,nan,nan,nan,nan,nan,nan,nan,nan,nan,nan,nan,nan,nan,nan,nan,nan,nan,nan,nan,nan,nan,nan,nan,-1.510691117299075547e+53,4.302559154043525373e+51,5.524638649093971530e+50,1.094798256800049146e+52,4.479648668512500903e+49,-1.626041786359964074e+36
nan,nan,nan,nan,nan,nan,nan,nan,nan,nan,nan,nan,nan,nan,nan,nan,nan,nan,nan,nan,nan,nan,nan,nan,nan,nan,nan,nan,nan,nan,nan,nan,nan,nan,nan,nan,nan,nan,nan,nan,nan,nan,nan,nan,nan,nan,nan,nan,nan,5.791620678498452728e+52,5.708023755793716380e+52,5.647809849151128641e+52,-2.023356149222944464e+51,-1.850431023038345555e+50,-1.606918009274760484e+36
nan,nan,nan,nan,nan,nan,nan,nan,nan,nan,nan,nan,nan,nan,nan,nan,nan,nan,nan,nan,nan,nan,nan,nan,nan,nan,nan,nan,nan,nan,nan,nan,nan,nan,nan,nan,nan,nan,nan,nan,nan,nan,nan,nan,nan,nan,nan,nan,nan,1.120625840068742458e+53,1.157862519730322918e+53,-8.021737931368942602e+50,5.811330159408958340e+51,-2.159558930920993331e+50,-1.587793411518339790e+36
nan,nan,nan,nan,nan,nan,nan,nan,nan,nan,nan,nan,nan,nan,nan,nan,nan,nan,nan,nan,nan,nan,nan,nan,nan,nan,nan,nan,nan,nan,nan,nan,nan,nan,nan,nan,nan,nan,nan,nan,nan,nan,nan,nan,nan,nan,nan,nan,nan,2.029121928591260678e+53,-1.887092658283981038e+52,-1.939110833143172071e+52,-3.311773628611495381e+52,-5.159618357789919062e+48,-1.568667898154462487e+36
nan,nan,nan,nan,nan,nan,nan,nan,nan,nan,nan,nan,nan,nan,nan,nan,nan,nan,nan,nan,nan,nan,nan,nan,nan,nan,nan,nan,nan,nan,nan,nan,nan,nan,nan,nan,nan,nan,nan,nan,nan,nan,nan,nan,nan,nan,nan,nan,nan,-9.413054605096183820e+52,-8.820289839151442624e+52,-8.181737024715842829e+52,3.800537252397832989e+51,3.206458778792858625e+50,-1.549541392043642192e+36
nan,nan,nan,nan,nan,nan,nan,nan,nan,nan,nan,nan,nan,nan,nan,nan,nan,nan,nan,nan,nan,nan,nan,nan,nan,nan,nan,nan,nan,nan,nan,nan,nan,nan,nan,nan,nan,nan,nan,nan,nan,nan,nan,nan,nan,nan,nan,nan,nan,-1.397724791832947444e+53,-1.538532835372548723e+53,-2.012275391899351341e+51,-8.117218560395002710e+51,4.032816598425605051e+50,-1.530413835348250914e+36
nan,nan,nan,nan,nan,nan,nan,nan,nan,nan,nan,nan,nan,nan,nan,nan,nan,nan,nan,nan,nan,nan,nan,nan,nan,nan,nan,nan,nan,nan,nan,nan,nan,nan,nan,nan,nan,nan,nan,nan,nan,nan,nan,nan,nan,nan,nan,nan,nan,-2.545704755317122350e+53,3.005736129136472543e+52,3.018792927354083443e+52,4.479433676602484431e+52,-6.523124768003590590e+49,-1.511285190663547664e+36
nan,nan,nan,nan,nan,nan,nan,nan,nan,nan,nan,nan,nan,nan,nan,nan,nan,nan,nan,nan,nan,nan,nan,nan,nan,nan,nan,nan,nan,nan,nan,nan,nan,nan,nan,nan,nan,nan,nan,nan,nan,nan,nan,nan,nan,nan,nan,nan,nan,1.143428208267531033e+53,1.061699965022938972e+53,1.000576138984858787e+53,-4.661343767154960778e+51,-4.293468556381941918e+50,-1.492155441752206559e+36
nan,nan,nan,nan,nan,nan,nan,nan,nan,nan,nan,nan,nan,nan,nan,nan,nan,nan,nan,nan,nan,nan,nan,nan,nan,nan,nan,nan,nan,nan,nan,nan,nan,nan,nan,nan,nan,nan,nan,nan,nan,nan,nan,nan,nan,nan,nan,nan,nan,1.660443374472257060e+53,1.858010386123156628e+53,2.454460247800810782e+51,9.674373744667485969e+51,-5.167322503600666516e+50,-1.473024593867548043e+36
nan,nan,nan,nan,nan,nan,nan,nan,nan,nan,nan,nan,nan,nan,nan,nan,nan,nan,nan,nan,nan,nan,nan,nan,nan,nan,nan,nan,nan,nan,nan,nan,nan,nan,nan,nan,nan,nan,nan,nan,nan,nan,nan,nan,nan,nan,nan,nan,nan,3.028746504680957492e+53,-3.605371497793314516e+52,-3.560736785402928561e+52,-5.309124463180534024e+52,9.165265793642583545e+49,-1.453892673658639397e+36
nan,nan,nan,nan,nan,nan,nan,nan,nan,nan,nan,nan,nan,nan,nan,nan,nan,nan,nan,nan,nan,nan,nan,nan,nan,nan,nan,nan,nan,nan,nan,nan,nan,nan,nan,nan,nan,nan,nan,nan,nan,nan,nan,nan,nan,nan,nan,nan,nan,-1.309056849995355065e+53,-1.205809354829484532e+53,-1.155434210093173041e+53,5.361822723462239125e+51,5.378763308222926930e+50,-1.434759728658507972e+36
nan,nan,nan,nan,nan,nan,nan,nan,nan,nan,nan,nan,nan,nan,nan,nan,nan,nan,nan,nan,nan,nan,nan,nan,nan,nan,nan,nan,nan,nan,nan,nan,nan,nan,nan,nan,nan,nan,nan,nan,nan,nan,nan,nan,nan,nan,nan,nan,nan,-1.858226208006562347e+53,-2.119231425243403741e+53,-2.709168779067918037e+51,-1.088402937489233932e+52,6.153282853560012287e+50,-1.415625826364929312e+36
nan,nan,nan,nan,nan,nan,nan,nan,nan,nan,nan,nan,nan,nan,nan,nan,nan,nan,nan,nan,nan,nan,nan,nan,nan,nan,nan,nan,nan,nan,nan,nan,nan,nan,nan,nan,nan,nan,nan,nan,nan,nan,nan,nan,nan,nan,nan,nan,nan,-3.393983599921215856e+53,4.076547543161747974e+52,3.962971791327980161e+52,5.948349304340588004e+52,-1.172854420295689799e+50,-1.396491052931195900e+36
nan,nan,nan,nan,nan,nan,nan,nan,nan,nan,nan,nan,nan,nan,nan,nan,nan,nan,nan,nan,nan,nan,nan,nan,nan,nan,nan,nan,nan,nan,nan,nan,nan,nan,nan,nan,nan,nan,nan,nan,nan,nan,nan,nan,nan,nan,nan,nan,nan,1.414141620032471029e+53,1.290764305836396096e+53,1.257796250027708220e+53,-5.827124353268978786e+51,-6.280843109861795659e+50,-1.377355511492009326e+36
nan,nan,nan,nan,nan,nan,nan,nan,nan,nan,nan,nan,nan,nan,nan,nan,nan,nan,nan,nan,nan,nan,nan,nan,nan,nan,nan,nan,nan,nan,nan,nan,nan,nan,nan,nan,nan,nan,nan,nan,nan,nan,nan,nan,nan,nan,nan,nan,nan,1.947916015705656087e+53,2.271230423582149582e+53,2.876335861542676398e+51,1.159212066890507086e+52,-6.833385612286504276e+50,-1.358219320156854083e+36
nan,nan,nan,nan,nan,nan,nan,nan,nan,nan,nan,nan,nan,nan,nan,nan,nan,nan,nan,nan,nan,nan,nan,nan,nan,nan,nan,nan,nan,nan,nan,nan,nan,nan,nan,nan,nan,nan,nan,nan,nan,nan,nan,nan,nan,nan,nan,nan,nan,3.561834937818881584e+53,-4.327839730114504233e+52,-4.151652732312151008e+52,-6.268678521003578376e+52,1.394302775256706625e+50,-1.339082609709852984e+36
nan,nan,nan,nan,nan,nan,nan,nan,nan,nan,nan,nan,nan,nan,nan,nan,nan,nan,nan,nan,nan,nan,nan,nan,nan,nan,nan,nan,nan,nan,nan,nan,nan,nan,nan,nan,nan,nan,nan,nan,nan,nan,nan,nan,nan,nan,nan,nan,nan,-1.436397677426599824e+53,-1.299253550635910360e+53,-1.285427125777789006e+53,5.956757236668563740e+51,6.792855754001835649e+50,-1.319945521060992338e+36
nan,nan,nan,nan,nan,nan,nan,nan,nan,nan,nan,nan,nan,nan,nan,nan,nan,nan,nan,nan,nan,nan,nan,nan,nan,nan,nan,nan,nan,nan,nan,nan,nan,nan,nan,nan,nan,nan,nan,nan,nan,nan,nan,nan,nan,nan,nan,nan,-inf,-1.914593156023383451e+53,-2.282993562418268036e+53,-2.924794978870063636e+51,-1.165944374074653203e+52,7.042385886681530350e+50,-1.300808202498528116e+36
nan,nan,nan,nan,nan,nan,nan,nan,nan,nan,nan,nan,nan,nan,nan,nan,nan,nan,nan,nan,nan,nan,nan,nan,nan,nan,nan,nan,nan,nan,nan,nan,nan,nan,nan,nan,nan,nan,nan,nan,nan,nan,nan,nan,nan,nan,nan,nan,-inf,-3.504309736034984668e+53,4.303987556157411920e+52,4.085761649590806081e+52,6.204944083935267951e+52,-1.523844498779509903e+50,-1.281670806796492214e+36
nan,nan,nan,nan,nan,nan,nan,nan,nan,nan,nan,nan,nan,nan,nan,nan,nan,nan,nan,nan,nan,nan,nan,nan,nan,nan,nan,nan,nan,nan,nan,nan,nan,nan,nan,nan,nan,nan,nan,nan,nan,nan,nan,nan,nan,nan,nan,nan,-inf,1.374068637430819658e+53,1.232858136979939678e+53,1.235388950442228071e+53,-5.728072119608924833e+51,-6.802478998568294882e+50,-1.262533488234027992e+36
nan,nan,nan,nan,nan,nan,nan,nan,nan,nan,nan,nan,nan,nan,nan,nan,nan,nan,nan,nan,nan,nan,nan,nan,nan,nan,nan,nan,nan,nan,nan,nan,nan,nan,nan,nan,nan,nan,nan,nan,nan,nan,nan,nan,nan,nan,nan,nan,2.016749790680981870e+53,1.775456034256820488e+53,2.160343905384175342e+53,2.835235475599193681e+51,1.109225497006248434e+52,-6.747580297118049995e+50,-1.243396399585167050e+36
nan,nan,nan,nan,nan,nan,nan,nan,nan,nan,nan,nan,nan,nan,nan,nan,nan,nan,nan,nan,nan,nan,nan,nan,nan,nan,nan,nan,nan,nan,nan,nan,nan,nan,nan,nan,nan,nan,nan,nan,nan,nan,nan,nan,nan,nan,nan,nan,2.075442301818031471e+53,3.251944520373480012e+53,-4.025183492222931056e+52,-3.789155261863329001e+52,-5.790531872920717761e+52,1.531695107104029501e+50,-1.224259689138167132e+36
nan,nan,nan,nan,nan,nan,nan,nan,nan,nan,nan,nan,nan,nan,nan,nan,nan,nan,nan,nan,nan,nan,nan,nan,nan,nan,nan,nan,nan,nan,nan,nan,nan,nan,nan,nan,nan,nan,nan,nan,nan,nan,nan,nan,nan,nan,nan,nan,3.926924525754535543e+53,-1.243943573065612344e+53,-1.108649221743982516e+53,-1.122773468327990179e+53,5.201964602861517334e+51,6.334884609121236424e+50,-1.205123497803010413e+36
nan,nan,nan,nan,nan,nan,nan,nan,nan,nan,nan,nan,nan,nan,nan,nan,nan,nan,nan,nan,nan,nan,nan,nan,nan,nan,nan,nan,nan,nan,nan,nan,nan,nan,nan,nan,nan,nan,nan,nan,nan,nan,nan,nan,nan,nan,nan,nan,-1.722756255192933341e+53,-1.566732443789193018e+53,-1.937455158495442642e+53,-2.618172852116736393e+51,-1.003000204263965087e+52,6.045397879557327239e+50,-1.185987956363824134e+36
nan,-inf,-inf,-inf,-inf,-inf,-inf,-inf,-inf,-inf,-inf,-inf,-inf,-inf,-inf,-inf,-inf,-inf,-inf,-inf,-inf,-inf,-inf,-inf,-inf,-inf,-inf,-inf,-inf,-inf,-inf,-inf,-inf,-inf,-inf,-inf,-inf,-inf,-inf,-inf,-inf,-inf,-inf,-inf,-inf,-inf,-inf,-inf,-1.782859092258437474e+53,-2.869920400251020182e+53,3.561527883597152221e+52,3.326524431030357475e+52,5.123368616896902131e+52,-1.425078735333637048e+50,-1.166853182930091313e+36
nan,-inf,-inf,-inf,-inf,-inf,-inf,-inf,-inf,-inf,-inf,-inf,-inf,-inf,-inf,-inf,-inf,-inf,-inf,-inf,-inf,-inf,-inf,-inf,-inf,-inf,-inf,-inf,-inf,-inf,-inf,-inf,-inf,-inf,-inf,-inf,-inf,-inf,-inf,-inf,-inf,-inf,-inf,-inf,-inf,-inf,-inf,-inf,-3.365952553966509292e+53,1.071432840813137817e+53,9.496546419924869065e+52,9.710226816573058636e+52,-4.484724378459139057e+51,-5.520739349999875483e+50,-1.147719280636512062e+36
nan,-inf,-inf,-inf,-inf,-inf,-inf,-inf,-inf,-inf,-inf,-inf,-inf,-inf,-inf,-inf,-inf,-inf,-inf,-inf,-inf,-inf,-inf,-inf,-inf,-inf,-inf,-inf,-inf,-inf,-inf,-inf,-inf,-inf,-inf,-inf,-inf,-inf,-inf,-inf,-inf,-inf,-inf,-inf,-inf,-inf,-inf,-inf,1.435250290701233158e+53,1.324877494104790072e+53,1.657616038652892962e+53,2.308071996642416320e+51,8.668245588578214933e+51,-5.095753404165771039e+50,-1.128586335636380933e+36
nan,-4.622514097091835479e+34,-1.232825025828915222e+34,2.624402516009976543e+35,-1.066491486284256636e+35,5.244186214595703227e+35,5.075833837318440057e+35,1.323327709846590023e+36,2.042971188095869291e+36,2.189723669547945315e+36,-5.124381047664496912e+35,2.453115512505493802e+35,2.139115656342497960e+35,6.148885101741694628e+36,1.602841152792684936e+36,2.920021586597133890e+36,-6.657267456768220172e+36,-1.030777200566483169e+37,-1.529340196782636212e+36,9.591550580997672379e+37,-7.718072725098182290e+38,-3.247982013545227483e+39,-1.060945963329462708e+40,-1.765159055751557910e+40,-1.757688427132143731e+40,3.882211456731568830e+39,1.997247846004099075e+41,9.982674478222745008e+42,1.103975782253387688e+43,-8.099585691885371798e+41,-9.563892509639414047e+42,-1.108751902068304808e+44,-6.043381213981850713e+45,5.872013731412213467e+44,3.292793799101572282e+46,9.041872094602281658e+45,3.087989500988556994e+46,-1.258631843763703088e+47,5.822756158630396061e+48,1.547527119395834780e+48,-4.324944740646659308e+48,-9.768436546646304774e+48,2.611524927976171971e+49,1.263904888241429831e+49,-1.695806066332495161e+50,-9.084288031136074789e+51,-1.552526555449156291e+52,1.583411367760247093e+53,1.481968588615789385e+53,2.425405834127326159e+53,-2.995245023972635371e+52,-2.772622338117208762e+52,-4.316327529015195537e+52,1.236153847180778093e+50,-1.109454415427471697e+36
nan,2.304472011671202426e+35,2.496618846996947060e+35,2.581838005097301540e+35,3.308205954452979403e+35,3.296880834652620615e+35,1.148406416858209866e+36,-6.783008835291760266e+35,-6.148058426992519964e+35,-9.261180561282799361e+35,3.161979927975267259e+35,2.305484518744441552e+35,4.711452194278334529e+35,-7.643485111757284034e+35,2.810329539540894913e+35,1.775398699852398137e+36,7.852558788435467596e+36,-3.503794480618350110e+37,-2.655500894939553304e+37,7.530366396911239477e+37,-1.771661104130458185e+39,-2.182576589294105993e+39,-8.345085036331784848e+39,-1.760897964280289845e+40,-2.803000153978385246e+40,-5.037546678166378824e+38,-1.164652942617611897e+41,-2.898351747861864760e+42,3.518060592413264480e+43,-1.085805608931185128e+43,-1.823927308408198739e+43,-7.863402606276789782e+43,5.964027929071053939e+45,2.294903503962128448e+45,2.292036602536090507e+46,2.222800266011882919e+46,7.991281457830521412e+46,-2.111529718220488522e+47,-1.650469256262495252e+48,4.607717501685961679e+48,-6.800463039880118762e+48,-1.495417226388148849e+49,-1.491050639382736413e+49,5.798993509487172604e+49,-1.286505378871124396e+50,4.322169075465834188e+51,-3.189123086596798763e+52,1.990039806356872431e+53,2.794194612081696246e+53,-8.811277545559395113e+52,-7.769662584398645570e+52,-8.024131609223756001e+52,3.684944985105480693e+51,4.529498682853828100e+50,-1.090323567542814361e+36
nan,1.626246436256907392e+35,1.626065321768814051e+35,3.955319831932086079e+35,1.641207946481005449e+35,9.415700775394859405e+35,-7.512897909452647317e+35,-6.554022218009084336e+35,-9.077529653848789286e+35,2.708662400956265557e+35,2.616331029638849759e+35,6.001985439436030069e+35,-4.579283769039036961e+35,-1.401919696459626140e+35,8.063279670619985040e+35,4.526070776522794652e+36,6.063543107959630444e+36,2.420916050743547556e+37,1.268979913649601375e+37,1.082011862302378772e+38,-1.248382876176719699e+39,-5.906587250183297075e+39,-1.677889465187944094e+40,-3.082206813611698544e+40,-5.281740942222713856e+38,4.211526508808554240e+39,-1.166606562429547714e+41,-2.608831901844595651e+42,-1.351316488169905610e+43,1.892742685303459876e+42,-1.152229181769922871e+43,-1.450705341588223092e+44,4.968631207067619667e+45,-1.230964787979285714e+46,6.441282062595692484e+46,6.196727806474184444e+46,9.986835432083986303e+46,-4.388927205438891910e+47,-1.043749447103464115e+48,-4.720593301368193887e+48,-1.286247176241632275e+49,-2.779785877105259985e+49,-2.727140277886677122e+49,-8.595837620614590479e+49,-2.795884484466085277e+50,3.415556204244174366e+51,1.471470238583027827e+52,3.722601541095805569e+53,-1.174811736585268134e+53,-1.076086416465992442e+53,-1.357962009027793969e+53,-1.947567883040935641e+51,-7.182548086342353907e+51,4.059816768405670622e+50,-1.071193818631471485e+36
nan,3.898521891751771860e+35,4.166428656488849400e+35,-5.401946267268532215e+34,6.239834965746886234e+35,-8.089300700985795702e+35,-7.000310098757429170e+35,-1.039420502357122466e+36,2.099312842535655155e+34,1.768448379917182522e+34,1.032194060302750258e+35,-5.279239285634898284e+35,-8.144002570176976404e+35,-2.023416929380650926e+36,-1.302915215772078868e+36,-1.705503917072292202e+36,1.438381646410513781e+37,5.883343432153313595e+36,3.267612765594405817e+37,-4.247818085220850353e+37,-4.083821038589005210e+39,2.073686625409453392e+39,3.892761150440244303e+39,-4.990903859217223219e+38,3.139079988189234654e+39,-2.256012169906186504e+39,-3.433627605131417114e+41,-5.426742105002001386e+42,-6.792363590808382415e+42,-1.945149917216675180e+42,4.077504175546779481e+43,4.003469430165376766e+43,1.107028393871391505e+46,-9.547020162476617900e+45,-8.579238519449006040e+46,-1.064796953439843166e+47,-1.911860441846401036e+47,1.687825113162173000e+47,-2.632345701726853735e+48,-1.853894699542079634e+48,1.707531990197620809e+48,1.052225545945041936e+49,1.051187546216952372e+49,-1.801863834111399911e+50,6.914975175608281466e+49,6.536443635561648214e+51,1.219741741988004911e+52,-1.334573071582375521e+53,-1.194220200540436156e+53,-1.968578185933623798e+53,2.398647152126201126e+52,2.195186583236539903e+52,3.466894264167712635e+52,-1.005981434142063228e+50,-1.052065173946768531e+36
nan,-2.608444329618308413e+35,-1.684567760734660918e+35,1.349844037483783619e+36,-5.548891491598384085e+35,-7.432875857527288014e+35,-1.114849807730538982e+36,1.086168468120608591e+35,1.003516237704064124e+35,1.672961282013122438e+35,-4.927380265989836103e+34,-5.505567647828128955e+34,-6.521298292293161689e+34,2.154129982875712909e+35,-1.219893255382872647e+36,-4.944592644700910216e+35,-6.050684848849251187e+36,7.111357106531794302e+37,-2.938367211730309496e+37,2.650167505870548274e+37,1.175700921707315691e+39,1.103069230634916269e+39,2.690563829601604276e+39,-2.451241480563558740e+39,-3.413935571370952477e+38,6.863106817839562703e+39,-2.439660129569515528e+41,2.661872282961296120e+42,-2.793023267634215281e+43,7.809655808354205264e+42,6.772551677030911616e+42,2.392878095262346469e+43,-8.133657841330725593e+45,-2.305051212669559369e+46,-6.066629355235865432e+46,-8.083959702665881600e+46,-1.410714415979324340e+47,-2.458812735038113517e+47,5.482602248493295353e+47,-4.178226945546944035e+48,2.440710522077738347e+48,9.365504885046325302e+48,8.033958520160797821e+48,1.085414709388757138e+50,5.870847758473522784e+49,-2.486506257747004627e+51,2.481398967259232043e+52,-1.641519489264590706e+53,-2.249347566461358657e+53,6.923564444928609777e+52,6.068541950018114730e+52,6.339420850926538632e+52,-2.889449402628145853e+51,-3.514843723112125875e+50,-1.032937617251378433e+36
nan,-3.869984836822745271e+35,-4.786285365325792054e+35,-7.345655539742059532e+35,-7.927129633534537702e+35,-1.185711611148011679e+36,1.325300159118585954e+35,1.212531871609439093e+35,2.114388345851029971e+35,4.688779899860803423e+34,3.039794219910406551e+34,5.054404977858166334e+33,-3.288833709320165659e+35,5.384208778632982451e+34,-1.267662890869877990e+36,-4.135243742525965893e+36,-1.383417298148187749e+37,-1.983390174330072200e+37,-2.366837654457629949e+37,-1.486418673882140298e+37,2.701924370817022725e+38,4.241130723045455443e+39,5.845337924415057928e+39,-7.760022673513928665e+38,5.739681218874837991e+39,-3.109171517855737780e+40,-5.170374827967743266e+41,3.889494670622941203e+42,9.680820996903451863e+42,1.060270524107074337e+43,2.283534201401688369e+43,3.269766649555228586e+43,-6.312070008552600298e+45,2.218624345763054930e+46,-1.505877397614027631e+47,-1.719235676913647203e+47,-3.338568788236334775e+47,-1.460522780316780160e+47,2.217038972565403395e+47,2.405667884164480619e+48,6.276711648462511371e+48,1.714476320420201276e+49,1.579210600824133370e+49,8.677336424539767282e+49,1.234886391821382738e+50,-2.003273110372131640e+51,-1.039365055443106877e+52,-3.076065709328087024e+53,9.350074681162865982e+52,8.370132546332046017e+52,1.064999625494199408e+53,1.572427230145927073e+51,5.699647709920364526e+51,-3.066402481719289691e+50,-1.013811111140558138e+36
nan,-3.056891854302205779e+35,-3.897097593581350101e+35,-7.450038013438886111e+35,-1.260637701074689607e+36,1.366769634309250288e+35,1.197827656250052930e+35,1.914083041149123797e+35,-1.164907653104754313e+33,-9.551058770629499917e+33,6.397749871923945998e+33,-5.197590628802244000e+34,2.942196842865617859e+35,1.795944040045971062e+35,-1.121691560795751969e+36,-8.042940282246616741e+36,-9.265188170109202974e+36,-1.662004274774749641e+37,-4.621938447776459734e+37,1.644243850073426048e+38,2.962948626742067439e+39,-2.584229690399044269e+38,-4.497866276747855335e+38,2.632081940140701514e+39,1.180115724732759264e+39,-1.830897785225221230e+40,3.536909980888522490e+41,8.694521802361736234e+42,2.442331915519973347e+42,1.790749500697573192e+43,9.076868373458279591e+42,6.350239421038892341e+42,-1.326322805946533251e+46,1.785482915460023206e+46,1.215391882463498639e+47,1.591241678375527564e+47,3.760660532744241935e+47,-5.953794889478130549e+47,1.004508220274295074e+48,1.399250747072092556e+48,-8.301872713797557458e+47,-5.274485687086700198e+48,-6.700183846723631705e+48,1.777707321968538223e+50,-4.301534450511248263e+48,-3.743915286568474025e+51,-8.729324655939628778e+51,1.120199957219255940e+53,9.269940642661073709e+52,1.532066652148648763e+53,-1.827607470846319854e+52,-1.648505622097505228e+52,-2.649905163510595425e+52,7.724151864034491311e+49,-9.946855977766805395e+35
nan,-5.560943654942247799e+35,-7.399334379032341535e+35,-1.360626943581606167e+36,1.673592132185369943e+35,1.718298997377516984e+35,2.847855452288540103e+35,1.476550439362156170e+35,1.053150213330289567e+35,1.923113547357939296e+35,1.686561418868596542e+35,1.909135155297484146e+35,2.843226554562394753e+35,7.553100114241741626e+35,-3.629720484436051518e+36,-4.540886785383448551e+36,-2.392324260798010174e+37,-3.726030178878571133e+37,1.303054777486099520e+37,-3.028874037246726727e+37,-1.505729985268404293e+38,-6.239937895157626445e+38,-2.584937695611072125e+38,-9.794624008037601175e+39,-2.293735448009466182e+40,-4.609303727612603518e+40,2.640465986939834459e+41,-6.789896923975588214e+42,2.427451487922270976e+43,-8.904731506144701467e+42,-2.250003304724013701e+42,7.690064139630347812e+42,6.708407293264915686e+45,3.827076113772760736e+46,8.440971583188949681e+46,1.313220632276301457e+47,2.843609099017439607e+47,6.725686273399707258e+47,2.873079509272132976e+46,3.290037805088425586e+48,7.520674516392438319e+47,-6.245860023751126934e+48,-5.113153959347449771e+48,-9.435765335035682565e+49,-1.604633072091717809e+49,9.829965885083456169e+50,-1.768545179561563996e+52,1.320947583872167742e+53,1.743679768706208293e+53,-5.187387885731765314e+52,-4.510093113394181689e+52,-4.775153974176148668e+52,2.158414004980840482e+51,2.587584692923668273e+50,-9.755610000202604361e+35
nan,2.083175443867247930e+35,2.358750073227456678e+35,2.217276866569765413e+35,1.823395648852012932e+35,3.230608332944667565e+35,1.376515898192658507e+35,1.336207085557406295e+35,2.355785414435279452e+35,9.064283713274531298e+34,1.087773286012143911e+35,1.169144207117048372e+35,2.241326044830733163e+35,6.033975219541032128e+35,5.240074343167574351e+36,-1.911380172607795118e+37,4.037745496677460353e+36,-8.945722083721080853e+36,4.548330075377132313e+37,-2.570156691169077136e+37,3.745226225102825547e+38,-4.190058488192310831e+38,-1.595361123725092395e+39,-5.186800849634408000e+39,-1.730109528937523200e+40,-7.969150561289757592e+39,4.493906125180663524e+41,-6.765090003100889378e+42,-1.135166085098942309e+43,-6.895706017985794965e+42,2.945159555369717600e+42,1.843446190594737185e+43,5.098175936480304385e+45,-2.433282808331142958e+46,2.095914072247172050e+47,2.354327479715645629e+47,6.175161134567656143e+47,4.442083365878289247e+47,2.230445309272817640e+47,-6.573612555483168660e+47,-8.270667013934430825e+47,-1.213652307546405392e+49,-1.047450098650793015e+49,-7.789014788901984180e+49,-3.204572560392293070e+49,8.465807106549171533e+50,6.582713669525924800e+51,2.478789198858129013e+53,-7.120240372563141446e+52,-6.193635741527494965e+52,-7.966969382114073412e+52,-1.207971349215756492e+51,-4.308517947969963510e+51,2.198868794694852497e+50,-9.564372229350565509e+35
nan,1.494673587638022870e+35,1.651727726301653697e+35,1.388701359799748983e+35,3.491362541971091352e+35,7.655256247687191636e+34,6.620777963538684870e+34,7.290842447206350611e+34,1.210765914155123073e+35,3.473455120716295833e+35,2.800078275920207972e+35,2.658438614573703570e+35,4.656298771822581352e+35,1.312528490732443209e+36,3.965932837160161770e+36,1.848570088264024516e+37,1.473390989364044858e+37,-8.709795452775694761e+36,-4.832291400608971422e+37,-5.009833743615319346e+37,-1.088737378833315001e+39,-4.293553083974905919e+38,3.236907558626211538e+39,-2.154964172434710274e+40,-3.508464515053723269e+40,4.911164786246329910e+40,-1.017835370236957236e+41,-1.655676174688491636e+43,-2.754023167357340115e+42,-1.951774541638914650e+43,-5.656941361809659891e+42,-1.596258799549214429e+42,1.026160154140628875e+46,-1.902717138327108313e+46,-1.299203341907809621e+47,-1.561564053944046307e+47,-5.312188548866790069e+47,1.346049284646972254e+48,-9.152287829505289051e+47,-1.286572039390423657e+48,9.599191381004007167e+47,5.852692327777481814e+48,5.512386711536971528e+48,-1.592257010835890819e+50,-8.469136583408558640e+47,1.553131607920870416e+51,5.684684381184001610e+51,-9.057253095155075755e+52,-6.862595286729709610e+52,-1.137562790074297531e+53,1.320388667793278009e+52,1.169997835640495838e+52,1.918765418415837965e+52,-5.622214805374271108e+49,-9.373141556376681206e+35
nan,3.273392166684042382e+35,3.741903259653843763e+35,3.510501435627537543e+35,1.070978752564198024e+35,1.005651434386256302e+35,1.084087100227067343e+35,1.384064600345961767e+35,3.608132342588565621e+35,-1.055981022524491799e+35,-2.239332970748040812e+35,-1.840861611377205695e+35,-1.741184378121033744e+35,-7.103422294633541630e+35,8.952281834244547626e+36,7.499057462200448674e+36,3.519349297016594421e+37,7.185704528366855725e+35,-2.805064957121919403e+36,-1.263037744088949321e+36,-6.358771533164552386e+37,-5.373505743853207433e+38,1.288958543935026977e+39,1.137293453733732876e+40,2.061693080020033484e+40,1.037351358535426203e+41,-6.901738025247797596e+40,6.522325797488585298e+42,-2.294308167257826449e+43,1.142820562282379847e+43,2.095983844340393974e+43,-2.264108597162133571e+42,-3.214023829815330107e+45,-3.882970201417359560e+46,-8.966224303833732233e+46,-1.466228683845302324e+47,-4.064280924534753785e+47,-1.201114872262526081e+48,-1.437163200398366866e+47,-2.841526946458420615e+48,2.410632049730695885e+48,4.789284117585437588e+48,4.099483812427012604e+48,8.469652252071041575e+49,-1.951809603355869960e+49,-2.196789623154603954e+50,1.150698907196951840e+52,-1.022526758454011514e+53,-1.288498878735406060e+53,3.688672453206742951e+52,3.171280300162576983e+52,3.410539689404999218e+52,-1.528655971678535032e+51,-1.809499087623388381e+50,-9.181916734554950802e+35
nan,-1.854024161727636761e+35,-2.031517993416191945e+35,-1.766420225010974751e+35,-1.509005805030746416e+35,-1.284705156181527877e+35,-1.252906687146275010e+35,-1.163991315754463048e+35,-1.193081135615970357e+35,-2.192595287521876746e+35,-4.173303279597722438e+35,-3.673494746526234050e+35,-3.539321219859293783e+35,-5.593185578968055785e+35,-5.595596539357722177e+36,4.367608748670784838e+37,-2.208739531716082336e+37,-1.938871304846621001e+37,-1.150703544758506423e+37,-7.316547580396329577e+36,-3.722680820265087381e+38,-4.116157413331563659e+38,7.846263529005863745e+39,-1.928758547627411805e+39,-1.414947574508403230e+39,-5.625204422418994363e+40,-1.496770571361288302e+41,3.502875026922519466e+42,1.389296049413078881e+43,1.844509395527449501e+43,1.314488580524681114e+43,-2.758071239108442976e+41,-2.477368705012491739e+45,1.741495908613536686e+46,-2.211598584556314759e+47,-2.126722877616968808e+47,-8.399607125536119887e+47,-8.214875074981222081e+47,-7.964490756179932733e+47,2.180618953079081292e+48,1.551340554298618775e+48,9.501121245086136274e+48,8.568213998415524840e+48,7.089284560090095804e+49,-1.420071118209198241e+49,-2.365909962136294007e+50,-3.680982068924184341e+51,-1.918551876422655080e+53,5.122174675301916382e+52,4.321568823753110610e+52,5.649342009094801594e+52,8.735545978306311333e+50,3.075842100405278449e+51,-1.495737537310437081e+50,-8.990696403510671653e+35
nan,-3.354184270652323194e+35,-3.719784015638274120e+35,-3.319924451736324282e+35,-2.117877459426528711e+35,-2.599507996195395319e+35,-1.555262691094923823e+35,-2.084467536673343769e+35,-2.001175212793006433e+35,-4.053664920165313695e+35,2.995856054854463621e+34,1.935481185472758214e+34,-2.005154407540718932e+34,-1.185617803022798168e+36,-4.419461668248010191e+36,-2.302784363590396627e+37,-1.994497472566199266e+37,-3.058983482219051703e+37,-2.204258177653102788e+37,-2.017391762843844362e+37,-2.698980481060611151e+37,-1.016424314790469665e+39,-1.780968150472545559e+39,-1.571353175532136030e+39,-8.138594432873909095e+39,2.516831279675272478e+40,7.564991244137711586e+40,1.300142446737379294e+43,-3.193708817764371700e+42,-6.952587181532121651e+42,4.349325104116983867e+43,1.590507892536542922e+42,-4.854651089760402435e+45,1.312920154241115988e+46,1.147496187088843344e+47,1.571634300587133122e+47,5.786224286878277640e+47,-2.207179680571139920e+48,1.365204920329521255e+48,1.143152407628240437e+48,3.269782835782766849e+48,-4.578983198746431680e+48,-4.869828297218890370e+48,1.445578072910375572e+50,-4.767427953923419018e+49,-4.214701870606328724e+50,-3.368636680659098564e+51,6.886847498519583555e+52,4.793646570508299812e+52,7.999394519261155160e+52,-8.989978821838532151e+51,-7.800349697944152080e+51,-1.307128029411790357e+52,3.887716643975371790e+49,-8.799479115657499598e+35
nan,9.588680577336665826e+34,1.018435328172658865e+35,7.925134773424886597e+34,5.324485721414434294e+34,7.560388020383886570e+34,5.349207544131655751e+34,5.169809027867316239e+34,3.353314637136686049e+34,6.773305878607839538e+34,1.924258137394761226e+35,3.415302569942569953e+35,3.391691118443863552e+35,4.062332089107491438e+35,-9.415915133076674276e+36,-9.660479016908156833e+36,-4.394443964344999923e+37,-6.778541614060592816e+36,-3.454200821877878571e+36,-7.980960106395147270e+36,-6.218498241225315866e+37,-3.480357852669993176e+38,-3.565446570429017591e+39,-2.421415643821829430e+39,1.220229855511679861e+40,1.235754186057734312e+40,-7.635738101938971113e+39,-2.096449614944936935e+42,-4.001433691258632679e+40,-5.521215066881613232e+42,-6.018423629226745402e+43,-2.421988270110764175e+41,4.912441893264155166e+44,2.596464721533273403e+46,8.080561736166081221e+46,1.937980185938915632e+47,4.415523672359720376e+47,1.640382715150466683e+48,5.262043742981631334e+47,2.189422261232753505e+48,-2.198214321609897355e+48,-2.477274291049742982e+48,-3.552702025879135586e+48,-7.381788883969540008e+49,-5.462881809472943270e+49,2.355648822887301408e+49,-6.819585577323756093e+51,7.504842518436369344e+52,8.980436522492545780e+52,-2.471548679342612979e+52,-2.093127563435160420e+52,-2.291740730440670749e+52,1.018395587670771183e+51,1.200403499992744039e+50,-8.608263364316734432e+35
nan,7.629566407278964278e+34,8.022796602562169260e+34,5.994755767263520566e+34,7.717918205836420783e+34,2.794336942795442974e+34,3.049269949990481497e+34,4.427719779543000597e+34,3.204932297498405269e+33,1.323578076182991797e+35,3.323421468567442181e+35,2.662874318421794041e+35,2.991479077990699730e+35,3.238703859307575078e+35,4.636565253766821757e+36,-5.233380932597003992e+37,2.463038309559758509e+37,2.007642592316962150e+37,-1.315760893582492912e+37,-8.675401132488843495e+36,4.870114727845698514e+37,-2.379703235824972410e+39,-7.304719626700558945e+39,4.005384800651848655e+37,-5.744721750420165358e+38,-8.143017534881932709e+38,2.163671348188718264e+40,-4.924422764843588776e+41,-7.281029432567369205e+42,-9.579254564642784351e+42,-4.530340581610062762e+43,-1.466352613556083251e+42,6.112549753261358342e+44,-7.685051246932899976e+45,1.947504792576533083e+47,1.164990524581440604e+47,8.800830498593467606e+47,1.142445487778341937e+48,1.215219567037871531e+48,-7.981715354455897798e+47,-7.098724806901747950e+47,-4.769772220450936057e+48,-7.401162502850417556e+48,-6.292318049032531607e+49,-1.122965933454470932e+50,3.905582217051141886e+49,1.752874319414377981e+51,1.405600954982014710e+53,-3.445159063155388615e+52,-2.813797631883722459e+52,-3.765479765882724066e+52,-5.859797591552569724e+50,-2.050422145800630509e+51,9.614084401126857305e+49,-8.417047612975969267e+35
nan,1.318709966759924794e+35,1.405245645337304682e+35,1.094385852513010660e+35,5.803218785513436094e+34,6.563168214137700262e+34,3.742291562086959048e+34,6.564522089180645377e+34,1.008034108935428300e+35,3.185071894462360727e+35,-6.903649537213371805e+33,2.391265595014618686e+35,4.041381200456453160e+35,6.163115255202970223e+35,3.766183249078652218e+36,2.457537912601754410e+37,2.035326510970874405e+37,3.906502732002756241e+37,-5.905392290186701248e+36,-5.244059861976450131e+36,1.504123035098304721e+38,1.180350022548530515e+39,1.240506174990351447e+39,-2.435339876731010516e+38,-1.521615768072888379e+38,3.927433341574740234e+39,-4.176337310441670613e+40,-5.328692075423920815e+42,-1.468255670724413502e+42,2.750779706928835463e+42,-1.079543526759291510e+44,-2.652564819567906455e+42,1.178906606585346751e+45,-5.805713286512824241e+45,-8.615713090018730862e+46,-7.957136729371063515e+46,-4.681471511853387448e+47,2.846297385780536654e+48,-1.047709034770656810e+48,-7.425214062451145496e+47,-1.177675037556768863e+48,2.286995401230654595e+48,3.625508288159498186e+48,-1.272779767071601874e+50,5.208442096679256201e+49,6.500643685698583072e+49,1.806622515276911874e+51,-4.851400924417681058e+52,-3.123074738145226650e+52,-5.279097109278845656e+52,5.719211431973218047e+51,4.844689729369279800e+51,8.303079052980149324e+51,-2.549658783611542781e+49,-8.225830325122795736e+35
nan,-1.903942723460254575e+34,-2.074945061590162976e+34,-1.320538684620553512e+34,-1.025762856796261758e+34,-3.847917409902528111e+33,3.368735781352980186e+33,7.739411996496893809e+33,1.289234132299590719e+34,6.556451134841402903e+32,1.445182591599348174e+35,-6.028546799239717626e+34,-4.507772317091235778e+34,-1.795845795182797470e+34,7.085823170386507722e+36,1.018304661889801530e+37,4.423329219821823388e+37,-6.303082881517115161e+36,-6.101932459516368147e+36,-9.509960898310076856e+36,-2.983743099123392562e+37,-2.141521765609657836e+38,-1.994620566195814758e+38,-2.946439175381308891e+37,-6.726874278139862711e+38,3.851773316935249636e+39,-2.590457942417042854e+40,9.632695206588779389e+40,1.542900579959045945e+42,4.919851255797258482e+42,4.546066540199294547e+43,-1.807051865764488209e+42,1.883088130929492307e+44,-1.098914688947360347e+46,-6.127468558262537692e+46,-6.759019575110812826e+46,-3.601794010227399320e+47,-1.742133759928904881e+48,-6.780331841185206736e+47,-1.509252631856338576e+48,1.012994885868889988e+48,7.417699775768921063e+47,2.623706939909482492e+48,5.808281911176207871e+49,2.513407838761078202e+49,-9.587383366000301112e+48,3.650011678835732674e+51,-5.153222171019443677e+52,-5.836581516520629750e+52,1.545594922546558318e+52,1.283967211875521606e+52,1.434644608577433005e+52,-6.312543344780542699e+50,-7.515630718248126645e+49,-8.034609994078519539e+35
nan,-1.540148182257694028e+34,-1.663804080522066821e+34,-9.798208108770400312e+33,-1.978752981826357108e+34,-1.471737078969521629e+34,-1.229693338917806034e+34,-1.821423803651634279e+34,1.424581593258263247e+34,1.891220474276821938e+35,-1.228956781675025858e+35,3.522617068552790903e+33,-1.885040224526981590e+34,-2.202413496348418109e+34,-1.400541706516892747e+36,5.593025219636264975e+37,-2.064496533896503121e+37,-1.540548836661436628e+37,-1.393841435660859424e+37,-1.014449662057731748e+37,-1.940171384885043815e+38,-1.429595165897015839e+38,-2.652759466348261950e+38,-2.828777782933471714e+37,-5.920979876133755739e+38,7.649200822621907940e+39,-1.123667026225794273e+41,3.875261432391855989e+41,4.791760917004607030e+42,-2.870153709772831822e+42,5.120741536161999956e+43,-1.541858896747920767e+43,-8.414201167239234561e+43,1.700316603261585714e+45,-1.452242156175460184e+47,-1.491222259909073927e+46,-6.903622884803116061e+47,-1.220612497601685423e+48,-1.466574450276457481e+48,1.021406921814892865e+48,7.809852901898443846e+47,1.975851267794924359e+48,5.233298917846887441e+48,4.985299167934034377e+49,4.697560016852302671e+49,-1.033812084440323863e+48,-6.256852997312060377e+50,-9.620904701931128166e+52,2.143345156549066986e+52,1.689215150166803850e+52,2.334774237419530343e+52,3.584904502120886515e+50,1.259290303333402934e+51,-5.792275620938143121e+49,-7.843385172256790610e+35
nan,-2.498368896305950974e+34,-2.767413198961232685e+34,-1.587612535914976312e+34,-9.163463408388223912e+33,2.616001180956117221e+33,-1.339038505567826992e+34,-5.734977061117106126e+33,2.627649681801401546e+34,-3.528115288662927696e+35,3.148222164473639036e+34,1.769507324128158404e+34,1.111193728173015981e+34,-6.004894339766590296e+34,-1.257959949033970084e+36,-1.843987503855255766e+37,-1.119444422569650651e+37,-3.349867090631465677e+37,-1.859171070711035478e+37,-1.840138604760036718e+37,-1.321713170153963388e+38,-3.092361752465056637e+38,-2.615984716283288706e+38,-2.698733271048143838e+38,-1.554463282286207765e+38,-3.568187625838536329e+39,1.110066432852939041e+41,1.190339975569890377e+42,-5.354536983860661877e+42,2.159606054665399310e+43,1.118402772110287820e+44,6.990651075837255946e+42,-1.518485196580491789e+44,1.119027960165136920e+45,5.125207920067211018e+46,-1.601803084249391987e+45,2.613223230288642199e+47,-2.892720764540360434e+48,1.007705879928150974e+48,7.700820136209152967e+47,1.618892097818759659e+48,-1.941471413228193614e+48,-1.733443489921322863e+48,9.969399675440308234e+49,-1.502059401934670655e+49,-1.865933352054603579e+48,-8.585957331905047886e+50,3.126407985184899565e+52,1.870337741485978284e+52,3.233288378939709903e+52,-3.361856945260648078e+51,-2.773215706013926709e+51,-4.863123203140391537e+51,1.577486677026976066e+49,-7.652154499282909259e+35
nan,-9.599757765807863706e+32,7.690934538470065427e+32,-2.507608888888326047e+33,-2.367827134424113132e+33,-1.674839980351662691e+34,-4.702117517548908624e+33,-3.320571963570296729e+34,1.409262191897026985e+34,6.322622778233844570e+33,5.049158538030620309e+34,1.816606677382901058e+35,-3.612105222512266281e+34,1.154587366907467986e+35,-2.175243415370952049e+36,-2.458348123498609599e+36,-2.684769340654476155e+37,7.427438863321924334e+36,6.226755747632292398e+36,6.735891456643877772e+36,-3.778821480069200586e+38,-3.307834793098598195e+37,-7.810814518996417762e+37,-2.368142805272637502e+38,2.376927889463096599e+39,-5.946377753876906071e+39,-2.003426123229057295e+41,-5.052375410702080737e+41,-8.072827553756617076e+42,-1.904302331336333107e+43,-2.274936232125160604e+43,-2.325842088667909756e+43,-7.754963055058601065e+43,2.198153940751755253e+45,3.978275815405585703e+46,1.747880769665875172e+47,2.212708751762539689e+47,1.366799173269258259e+48,6.439043261244899624e+47,1.531842302481979967e+48,-1.109333416963094221e+48,-7.939517235660420923e+47,-1.346901355239702487e+48,-3.743630367799018499e+49,4.739588929348275914e+48,1.600923065131605167e+49,-1.715752571334232939e+51,3.262916466773305461e+52,3.487182631005279957e+52,-8.900587217601776068e+51,-7.221926927541062047e+51,-8.260144492601371123e+51,3.582785987088167114e+50,4.389419106811086347e+49,-7.460916728430863028e+35
nan,1.279410258727834840e+33,1.166731153812487164e+33,1.259000605811859021e+33,-2.368834553419798739e+34,1.103143565108872894e+34,1.033773975535283078e+33,2.307991236338906745e+34,3.588022090873216647e+34,4.821838360831830261e+34,-7.605148008393059114e+34,-7.903194532253253973e+34,-6.429966273058993525e+34,-1.734134765258192715e+35,5.791578265689369853e+35,-5.172316855523606061e+37,4.816463482732301797e+36,6.057169688477132749e+36,7.632069864349367564e+36,5.725768798998949746e+36,2.378873149369348524e+38,2.746956506815097133e+38,4.196348704651234660e+38,-1.278660248360177311e+38,-9.397136102816401203e+39,7.879600691892012999e+39,-4.755937391210607488e+41,-4.428813496973506204e+41,-8.989048328429806959e+42,-1.320126968225978926e+43,-1.570530743562309445e+43,-1.481218102267781468e+43,2.059611899115744038e+42,-7.121468104350780132e+44,7.559512846514762470e+46,1.126092453208919250e+47,3.907949356379888667e+47,9.663965463963181526e+47,1.319973063749481770e+48,-8.353173545271019197e+47,-6.251025225676843941e+47,-1.534711193624757141e+48,-2.456681089610793108e+48,-3.366505063972708833e+49,-1.068218460340637143e+49,-1.199279230647648669e+49,5.806117156427319804e+49,6.065091719344154733e+52,-1.214690854117317118e+52,-9.195566241953977544e+51,-1.327479489613238474e+52,-1.958386855091875551e+50,-6.993658681963183919e+50,3.216815232005124694e+49,-7.269670750866661994e+35
nan,1.650017039822572384e+33,1.551334014803363071e+33,2.748019391433088298e+33,5.029219482070910887e+33,-2.772734889247715339e+33,4.729633457247161819e+30,3.382416089763684767e+34,7.331030425231561169e+34,-6.607683778092606724e+33,-1.442137174468869269e+33,-1.115077887247364084e+34,5.960963340629321177e+33,-5.878177702628137754e+35,-6.509397507402321868e+35,7.122420388504108660e+36,-8.046885176324616298e+36,9.471682687392260175e+36,5.177847994983843880e+36,-1.099318057101888677e+36,1.284891790606679272e+38,3.715246860595472851e+38,3.189068224836258027e+38,-5.552242728800187641e+38,-6.451117132867151499e+39,7.129708591348470623e+39,1.691746958448861121e+41,-7.719250178137024012e+41,-9.253556925724296005e+42,-3.198592947501124356e+43,-3.735805802075973040e+43,-1.899920352169108764e+43,-3.498924035848728079e+43,-1.665699585918766878e+44,-8.031424716887584033e+45,3.119051983767452603e+47,-5.340792802413251979e+46,2.223263572798689898e+48,-6.584859884617539652e+47,-5.602072419754203665e+47,-1.186829888262465261e+48,4.995101974296128941e+47,4.717045251080203794e+47,-6.626637990351350072e+49,-1.838863408261783150e+49,9.632325369316858064e+48,3.379791349655916463e+50,-1.804782432306760940e+52,-9.817115819550878358e+51,-1.806447682592397200e+52,1.814989593377492238e+51,1.440574422542189424e+51,2.574736121679790914e+51,-9.020203732094938658e+48,-7.078415617227891914e+35
nan,1.593406157182649852e+33,1.232969840035950002e+33,2.836889746609099165e+32,6.466569517220863699e+33,1.087956971881926433e+34,2.479080149955718863e+34,6.105134176721832178e+34,-1.782645790524591906e+34,-3.458297246955069144e+33,-2.665573074903221512e+34,-5.309110505641552348e+34,-2.478441491646176730e+34,4.047925316479966534e+35,-3.895104096683574703e+35,-8.835367989282393197e+36,2.167673961742975007e+37,6.759467858121527157e+36,1.902235097297733532e+37,3.224465532623807751e+37,4.365452332341093872e+38,1.199182661449778721e+38,4.493498999882210061e+38,1.588270299282591949e+39,-1.932142225070453027e+40,5.114970414172892636e+39,6.915562014565618492e+40,2.054593817500018627e+41,-2.274541498763823510e+43,2.469939015924187456e+43,1.797826815731963084e+43,2.175769594712783126e+43,3.520602707847586168e+43,-4.499101008188106132e+44,5.312327461187771648e+44,-3.616673320845875230e+46,-8.078706263786368451e+46,-6.721231553983994681e+47,-3.947924614682257645e+47,-1.039415272539936954e+48,4.513209443051470161e+47,3.350263803738719474e+47,2.967815882530239135e+47,1.889958905148300738e+49,-5.190077083348815762e+49,-6.775020854204107551e+49,6.497614846360699905e+50,-1.860957072345050082e+52,-1.831387136906647337e+52,4.688013610774087809e+51,3.610625249853802061e+51,4.247690995944086902e+51,-1.840946807820686645e+50,-2.214922750985175502e+49,-6.887150556119687489e+35
nan,1.685990665901230371e+33,2.747338923746350898e+33,7.161820853460403297e+33,1.387425884142173469e+34,-5.681219180495796772e+33,1.899744685802329800e+34,-4.467679873902813590e+33,-1.653571378231970803e+33,-3.999251109859800994e+34,-5.006622006648515381e+34,8.796970382262435759e+33,7.501443546208957324e+34,6.321810721320726024e+34,-2.076771137990373998e+36,3.845174147020062622e+37,1.270223321514387655e+36,1.472302503405635028e+37,-2.271276804402577670e+37,-2.543626543960798856e+37,-1.286942843638226600e+38,5.106246387872048774e+38,9.695934213322174730e+38,9.963998252694927422e+38,2.251430602524393994e+40,1.424377172144965366e+40,3.695371957944191756e+41,9.454894208719699827e+40,1.745679415378214938e+43,2.261723229591870901e+43,4.954267408054422959e+43,-1.140045775511844496e+42,6.779456497599741520e+43,4.015156881768697776e+44,-5.672831940980566366e+45,2.267815258557554776e+46,-8.389815565764319015e+46,-5.389331388862250056e+47,-7.349696353481369317e+47,3.853560025554482842e+47,3.430546174977950512e+47,5.678576847269982987e+47,5.664183719770999844e+47,1.509033966092640982e+49,3.373995372799275623e+49,3.778268927213628082e+49,1.632200484176247614e+50,-3.437561086068434919e+52,5.803144274939625071e+51,4.073073763748301390e+51,6.679002830643546400e+51,1.257380145105677077e+50,3.230029608961942143e+50,-1.412270427378228798e+49,-6.695874989165783559e+35
nan,5.664079784257840105e+33,8.371070300541271653e+33,2.638854344446435969e+32,1.331557026249847487e+33,3.312538176491889584e+34,-7.173748639677450284e+33,-2.195276642625192584e+33,-8.855486849937679906e+33,3.688896274290925791e+33,3.969933699469436533e+33,-1.101179033185026857e+34,6.666545640792870992e+33,5.096701182980373126e+34,1.427318646878382446e+36,4.378216688497629375e+35,1.319147589066891776e+37,-1.915493760009769593e+37,-1.909682995241888468e+37,-1.158951563501164524e+37,-1.921333490004337508e+37,-3.977679167727754466e+38,-7.544649166353869962e+38,2.329549461395114490e+39,1.689601133508296993e+40,6.249496402626865649e+40,-5.866680168163872182e+40,-2.537567725186575264e+41,1.679311484597131743e+43,4.564128458725134001e+43,3.309938657416695240e+43,2.034500522791096634e+43,-5.396237839356731536e+43,-4.040545033941396888e+43,6.109219743072054401e+45,-1.560636646599789094e+47,-1.338670312385000214e+47,-1.139195142636872756e+48,7.739615181317696148e+46,2.473556714389950361e+47,2.810748200463417040e+47,2.315859653334611223e+47,-3.940245299276587160e+47,3.021655892542587989e+49,1.908517730795674782e+49,2.745085413001398616e+49,-9.115776942836534629e+49,8.782287737337089659e+51,4.313932488231879463e+51,8.182813125234252497e+51,-7.223985141423037115e+50,-5.985518446750234160e+50,-9.999290363392999235e+50,-2.477158462353713178e+48,-6.504588542318749590e+35
nan,-1.090935310239524976e+34,-1.248919898929112827e+34,-5.874333355263440765e+33,-1.052723145153251450e+34,-6.094884664335243068e+33,3.863075583457565975e+33,6.086905192990427379e+33,1.024817794999144695e+34,9.662248501413692529e+33,-3.108109994275063412e+33,-6.927103420457739661e+33,2.023886728656442886e+35,6.065374195141951749e+34,1.196746518707598843e+36,1.381200212181930295e+37,-6.529971019085177516e+36,5.761897085735998670e+36,5.398864117194253631e+36,-5.013685601608014489e+37,-2.605395492696433026e+38,-3.273551291848312857e+38,-5.935732919124394988e+38,-2.293200410735218863e+39,4.458099845383863770e+40,-5.473737631214137312e+40,-5.885320056260717984e+40,6.959279086421063249e+41,3.993599399500352837e+43,-3.022811210877141250e+43,1.026639712131989627e+44,-5.738838238353454086e+43,-2.765439330194356945e+43,7.935908417077636375e+42,-3.284548782434811028e+44,-3.650346191053811189e+46,5.998206811088779059e+46,8.423794104144234726e+46,3.111605240927520052e+47,1.661876033130866864e+47,1.597710533115808332e+47,1.829796803872971173e+47,4.675863682892460294e+47,-1.788617127877136945e+48,4.038657054291959848e+49,5.658793423460209881e+49,-1.479624694575133865e+50,9.078987244238256295e+51,8.561033169663936757e+51,-1.708841154229418803e+51,-1.262580153125190029e+51,-1.252361308403053066e+51,-9.627346388649132665e+49,-1.517616255234036371e+50,-6.313291053205325252e+35
nan,-8.121839944287383972e+33,-9.417810137178651049e+33,-3.290046528100202950e+33,-1.229294427813613165e+34,2.366150172264290552e+33,7.713277126309803458e+32,8.720961670069382540e+33,-6.641206017780646478e+33,-7.262133091960442211e+33,1.994009068383551906e+34,-3.335273728917516932e+33,-3.530986089258623065e+35,-8.054158787567323003e+34,2.351834267816759433e+36,-2.486250137868786050e+37,1.278811740765389012e+36,7.420527642601752662e+36,9.609082685383085831e+36,3.740963578084892244e+37,9.554684979029220655e+37,-2.869665634684346813e+38,-1.452590139446878686e+39,-1.476612052707325688e+39,-3.591776665902380340e+40,-4.886831743934863409e+40,-8.231803920811407772e+40,6.393680499157088053e+41,-1.851457701991779406e+43,-2.995866425922241873e+43,-1.168922225048845526e+44,-6.077365376055675303e+43,-1.159245268535911700e+44,1.416842134431239445e+43,-3.095406750323836166e+44,-7.966925354612647009e+46,3.441371141754822228e+45,2.977163023215266556e+47,5.394043311391543163e+47,3.277536725866823291e+47,3.371879645446392596e+47,4.366992517570936462e+47,1.463521784435730697e+48,-2.888439750477408886e+48,-9.401360272910212997e+48,-1.223322185339012539e+48,-1.835544333168911893e+50,1.665499519197663456e+52,-4.987404711057748839e+51,5.939879613697892248e+50,1.580849402929075198e+50,1.531619402039072951e+50,-2.135064995387910686e+50,2.677204052313906806e+48,-6.121982574358747471e+35
nan,-1.707797659858541737e+34,-1.984700736984671427e+34,-1.000770356886064170e+34,-8.323662752252296103e+32,-5.735376916708855075e+32,5.694952706787793826e+33,1.108071807887007465e+34,-1.165398951861722651e+34,-1.301435720034061542e+34,4.688853699093360365e+33,1.422701675170982344e+34,-2.992550945924238793e+34,-6.143218264467403496e+34,5.759724626081424374e+33,-2.145875534577871472e+36,-4.149218566232201487e+36,8.913171098445029633e+36,9.214295730413831791e+36,2.497614567635733500e+37,-4.619109236897707304e+37,-5.717259927286591536e+38,-9.346963113272045262e+38,-2.561767663496302831e+39,-2.112869239135066717e+40,-8.714265762526672309e+40,-2.798662406983904304e+40,1.652249194041347137e+42,-1.878885043415364928e+43,-5.493478047532166331e+43,-7.717451919975281264e+43,-1.284830279073383305e+44,1.891586101628174442e+43,1.854820706171678674e+43,-1.004564905366810574e+45,3.417953363074060257e+46,1.686129156382605766e+47,5.329061787028335842e+47,-1.679800654724788300e+46,-2.863545688839903604e+47,-2.809136835536660086e+47,-4.314948158335523545e+47,-1.154133144728408157e+48,-5.702443702121848493e+48,-7.364401998956590557e+48,-1.007444850355489739e+49,1.354083921082489103e+49,-3.246525772992903932e+51,5.391921417948102057e+51,-9.011358256624511467e+50,-9.320912230193375196e+50,-1.010334400827527035e+51,-6.644302128867480341e+50,-5.351112492191830935e+50,-5.930663372269662485e+35
nan,1.184206666768411448e+34,1.293033828183878922e+34,7.379556051015851559e+33,-5.453440617577543168e+32,-5.030302060060416984e+33,1.231614472801460328e+34,-9.536930272584085974e+33,-2.472608372526544958e+34,2.792869347355403147e+34,2.713477976356226494e+34,3.228677449683066842e+34,-4.941265859288419241e+34,-1.119578632189504237e+35,-4.727454059742032773e+35,-7.302499019035037634e+36,1.190557949749366136e+37,-1.457135110330754994e+36,7.788261286812859375e+36,6.746432156819615206e+37,-4.125378886679136402e+37,2.722020517677129151e+38,-2.894162235011204165e+39,1.608781815817702136e+39,-7.392370380869271385e+40,-1.734435253275623564e+39,-2.611266504607043373e+41,-7.437523944262103941e+41,-4.555901786732743599e+43,2.323336513810625322e+43,-2.085465777361870127e+44,5.838636943254794783e+43,3.692692859231213209e+43,5.307744694423404458e+43,-7.881876747368756270e+44,1.987517952531914443e+46,-1.180580397154740727e+46,4.736145197688195233e+46,-1.373508879660623976e+47,-2.027949019586785944e+47,-2.177493407420441416e+47,-3.411401349091463303e+47,-2.471599712569129998e+47,-2.555171838279865791e+48,-1.354906899232343246e+49,-1.794809823115350185e+49,-2.671782775756687605e+49,-2.514950885149337150e+51,4.728233356083821480e+51,6.950637066239115563e+50,-1.329815977706936351e+51,-1.100535946360004829e+51,-9.005390725991296514e+50,2.165701398777160698e+49,-5.739333922268342341e+35
nan,8.964749952816990988e+33,1.008859240204067301e+34,5.949005139406119800e+33,5.557942666070648622e+33,-3.632756942669548094e+33,-2.005586023499977911e+33,-2.396282289202473875e+34,3.982221137826580770e+33,2.189853325493919275e+33,3.097226815887928463e+34,5.040376868704355152e+34,-1.126466751755781298e+34,4.249043969443784985e+34,-1.061829675114773432e+36,3.738923737759656385e+36,-8.794530079161636223e+36,1.336798017427158015e+37,3.327393246687822132e+37,-6.521729087578820333e+37,-1.234175038834235369e+38,2.074100081379857785e+38,1.883983477088959501e+39,7.732428856064276140e+38,8.441598017425082826e+39,2.076595844425199763e+39,3.423671988012997482e+41,-7.861752894296792097e+41,1.928668810543096941e+43,2.964848793276808900e+43,1.239644559455316792e+44,7.834364654567594665e+43,8.830487917241311640e+43,-4.946844872670907493e+43,-5.684646024583625575e+44,4.914965813226450273e+46,2.438758432798043650e+46,-6.708332563618063071e+46,-2.361849252463883012e+47,-3.842516054014278968e+47,-4.024970578209601382e+47,-6.448400552880534182e+47,1.600042211623076002e+48,4.144562504893954097e+47,-1.016662339287924252e+48,-8.228577285436774229e+47,1.525951732630035259e+50,-5.056544304307236439e+51,1.084258163292683862e+52,-2.766978088627433480e+51,-1.209923359445352565e+51,-1.823027986227169540e+51,-4.247156473984778929e+49,-7.470427206184722339e+49,-5.547994899332557209e+35
nan,1.756566693517633750e+34,2.012144497875604859e+34,8.128513318906922916e+33,-7.314764584846392339e+32,2.800100952338066172e+33,-1.603152837614057269e+34,3.204392855311818690e+33,2.552677003501040991e+33,-6.064431987799680759e+33,5.866661156173372798e+34,-1.333815457490160268e+34,-2.725372035422832369e+34,3.460662810965671872e+34,-1.615082534808667279e+35,2.834641999288903786e+36,-5.344962940532050062e+36,-1.590043073107028158e+37,-5.997351574243824852e+37,-4.366656330454143025e+37,9.953814807252573989e+37,3.359940020917139264e+38,1.018000724670664701e+39,1.694944972504622150e+39,-6.370975398955766735e+39,-4.434816092226890792e+40,2.988407777890116548e+41,-1.713938956331931208e+42,1.604335568404059608e+43,4.785963021255464410e+43,8.225309120563857579e+43,1.244017267462038148e+44,3.530748860902330519e+43,2.984307834208484254e+43,2.180361838618372993e+44,-6.252186336563452856e+45,-8.042511856415869835e+46,-1.251325862664447051e+47,-5.310782664111376055e+46,1.617060025123959013e+47,1.581069304420517554e+47,2.311982249807959324e+47,3.104573820465801148e+48,1.245663770750494982e+47,4.249292601529532675e+47,8.448799446015444638e+47,-3.959366430457718592e+48,-2.506216264942913420e+50,-8.451239234017805191e+51,-3.091601578877618025e+51,-3.524311070864537280e+51,2.960052451477295045e+50,1.561926504231061303e+50,2.428972855577089996e+50,-5.356647164995230474e+35
nan,-8.701196107755141731e+33,-9.546553464983799132e+33,-7.934407047016301492e+33,-7.955621358575462073e+33,8.653520818108844105e+32,5.765418924763375265e+33,-1.246876588132488899e+34,3.448442257712493997e+33,-2.171018141536585177e+34,9.201342706721090499e+34,1.796653800998320739e+34,-4.424403042672871259e+34,2.296933347114312436e+35,9.193897593457812361e+35,-1.673327639953471566e+36,-1.568515584441920835e+37,-2.416628061876544531e+37,-3.705210165590375552e+37,-8.271042154824354401e+37,-4.415780949372822693e+37,-3.696780776973351185e+37,3.713368058852898618e+39,-2.115442365362268159e+39,1.547758607133933715e+40,1.083052095800656771e+41,8.014345434422550197e+41,1.033190933776233165e+41,4.157227200537695067e+43,-1.537010199551364735e+42,2.107407967260200355e+44,-4.623918030911349911e+43,-4.268428909281261903e+43,-7.248339360977508759e+43,2.907682200504035746e+44,-7.070127656196681875e+45,-2.179603649868356529e+46,-7.390792101747947687e+46,6.918910964571691883e+46,1.081755694172959656e+47,1.218366743421785272e+47,1.874754338737259693e+47,-1.113543285261695695e+48,-1.277675681443055311e+48,-2.880821621730836024e+48,9.048321173098309038e+47,-4.202400408686698779e+49,-6.952115099548159566e+50,-6.713615049269765811e+51,-5.663772127634290092e+51,8.545570310775674191e+50,5.312412944657005053e+50,8.725269693681369932e+50,-3.248108978811984243e+48,-5.165291750603366207e+35
nan,-6.633137946935981710e+33,-7.437190170047039848e+33,-1.350935225563951562e+34,-3.115974505551587118e+33,1.849960285815582895e+33,-6.881938638164851902e+33,-1.527083394442729327e+33,-9.072337840036388529e+33,4.196023913859170709e+34,2.075893517307549254e+34,6.892156854593789992e+34,-1.224212781754187508e+35,-4.837055085071248417e+34,-4.104923738936572914e+35,-3.786881144964857360e+36,1.020198839349488243e+37,-4.147000934166945257e+35,-1.103408013404546173e+38,8.625785957909012371e+36,-3.119223506161886292e+37,-5.244518270009792695e+37,-1.031850384121421394e+39,9.429340652866478256e+37,-2.282951402692334735e+40,1.062405346017781328e+41,1.316791087443364408e+40,4.027064968889256732e+41,-1.527659621598845864e+43,-2.124017438068286280e+43,-8.735716121380952034e+43,-5.909064576061212553e+43,-8.403365839948593631e+43,2.550510870314769069e+44,6.211957695375352978e+44,-2.351675367014774273e+46,-4.657229035144984657e+46,3.932801558957126449e+46,1.051410322812979439e+47,2.059580539259448466e+47,2.261606935182661648e+47,3.520054355133212986e+47,-2.106836126464306515e+48,-2.395049864100405758e+48,1.492453539593485912e+48,1.856164394677937515e+48,-3.181097947540569951e+49,9.180729151516058112e+50,-1.355550421293623463e+52,2.492064672124343320e+51,9.684915762572083558e+50,1.748101101018578326e+51,-7.280475085705430529e+49,-1.083419145176833993e+49,-4.973929837251799021e+35
nan,-1.257127115228066027e+34,-1.453282501157923941e+34,2.205081426545900533e+33,8.585510744787754830e+32,-1.230429462228001136e+34,-4.616249500512448382e+33,1.240467845332866789e+33,-3.322037076779916531e+34,4.716279697497996983e+34,-3.058857102462148834e+34,7.022988140084813553e+34,-1.548732334739747214e+35,2.065234609738600523e+35,-1.445653353331825134e+36,3.903813432106846277e+36,2.373145816173497929e+36,-7.676889129009977568e+35,5.892175575752393199e+37,-1.658363276540473999e+37,-2.058482456059574284e+36,3.529671756477993147e+37,-1.279958579838143296e+38,-6.763268238907890549e+37,1.551319970507252077e+40,2.488883410205384498e+41,-4.408466282046360321e+41,8.515635932383661696e+41,-9.470012675858783263e+42,-2.835074851971865117e+43,-6.321685414235313908e+43,-1.121751567109262126e+44,2.359958969318151834e+43,1.863886814671784499e+43,-3.606023550672707261e+43,5.683933717781473842e+45,2.382516668050633451e+46,7.658307151303221079e+46,4.666924083887345999e+45,-8.208596414763865737e+46,-1.102609782620757434e+47,-6.364140770702601060e+46,-4.167743539303494793e+48,8.728647155935355896e+47,1.002483540613027255e+48,-1.229261260415758225e+47,-7.805355840173270795e+49,6.406034186611021344e+50,8.487604765491672613e+51,2.281348261329703444e+51,3.103112856567312775e+51,8.348304031812383185e+48,1.351565101641515957e+50,-9.072969266905301570e+48,-4.782562732781798363e+35
nan,5.530694039640954778e+33,6.324416289057642055e+33,-2.185093099216741480e+33,-1.806098613196170220e+34,2.755243197697935631e+33,-9.402175163300093750e+32,-6.168007292037467077e+33,-1.996510036427171098e+34,4.464968223283180372e+34,-1.169956815538109417e+35,1.824481055255961208e+35,-2.354418227606717164e+35,-7.247613908993476644e+35,2.090304384763244205e+36,1.323829737412810341e+36,5.927382252498180196e+36,-3.136410546627540728e+36,3.447144868165275620e+37,3.503733971097807206e+37,-7.626329700461729231e+37,-1.542810527207889825e+38,-2.640283704674681787e+39,-5.899746019688616748e+38,1.312130752901727562e+40,-2.114127272049947890e+41,-1.003134837504046472e+42,2.169750793607551048e+41,-2.893128632550920105e+43,-1.943587757936690022e+43,-1.390949901818678424e+44,2.528524150744737320e+43,2.670099022250047405e+43,4.842451556244909957e+43,-6.158002779785327103e+43,5.517303704219094553e+45,1.074257897683397712e+46,-4.253909110007892161e+45,1.267635598769947368e+46,-1.392253028577907945e+47,-1.056889384083504162e+47,-9.925406452744059360e+46,1.071260026401156487e+48,1.425800900172080726e+48,2.145474641938862781e+48,-2.793760313418773959e+47,5.519124964213804724e+49,1.566773215222417850e+51,6.615282468710987096e+51,4.533952960611750755e+51,-6.579668944481063992e+50,-3.746988570431467618e+50,-6.357502859059566996e+50,2.334872139479120402e+48,-4.591191846293183778e+35
nan,4.009193800038266072e+33,4.969110773995076848e+33,4.092355204293637292e+33,4.201639582440250685e+33,9.619606631877418962e+33,-3.228077926578390357e+34,2.560833732012556896e+33,-3.245213336766751594e+34,-1.662510067080958025e+35,-4.737882438071601713e+34,4.269458452607285674e+35,2.315656250596007681e+35,2.413952741105288139e+36,1.591883896747211635e+36,3.006765530064953903e+36,-1.082587646479559070e+35,-8.583848131711715176e+35,1.218797745739571616e+38,1.710079820123114670e+37,1.219276982008222934e+38,2.316223454675186407e+38,-7.909638052967297813e+37,3.136049463138220571e+38,2.836908948185058816e+40,-1.780465063048723132e+41,3.464336804363923307e+41,4.755262824022552667e+41,8.235894658301396250e+42,1.321013934866807617e+43,3.611159469553965840e+43,3.455058405988328264e+43,2.726696895669056689e+43,-3.531881727821639888e+43,-1.814079566838338249e+44,1.332501988699832108e+46,2.039197668000424031e+46,-1.037522041640479040e+46,-1.707463642733086155e+47,-1.071818821985496704e+47,-1.854104574606793831e+47,-2.238518167772688112e+47,1.665434365409618245e+48,2.718813090824448412e+48,-6.826030002495861429e+47,-5.237134770316126579e+47,4.480940287673605674e+49,-2.079826641213824544e+51,1.322014407391375918e+52,-2.638216889182513023e+51,-5.821340494115190022e+50,-1.242281780816656307e+51,6.100807137347686798e+49,9.366716017632675497e+48,-4.399818660668551152e+35
nan,8.089594959324154101e+33,9.948744303299228705e+33,4.675919064495444777e+33,1.004938230581650489e+34,-1.867766645673124064e+34,-2.755530802609493921e+34,4.834786643365307377e+34,-1.362960761471453690e+34,-2.423542236219669461e+35,-2.110294801095647055e+34,2.226273552845813999e+35,1.115209074452940913e+36,1.193783168852262084e+36,4.074514460442392439e+36,-9.819146958208679749e+35,-2.729148321122860828e+36,-2.824426440596174824e+36,-2.654404333327695313e+37,1.822669108432344826e+38,2.356568109084412381e+38,-6.601263684416262980e+37,1.869198092533927055e+38,3.124913843111267111e+38,-3.130171869968269190e+39,-3.585018966551789171e+41,1.128086120693297066e+42,-7.256906829235030776e+41,7.628840502912394444e+42,9.746609629776541816e+42,3.559303850534056249e+43,5.157944400854633978e+43,3.659035105099659844e+43,3.960598812889151462e+43,4.416600047431815665e+43,-4.155893325035823030e+45,-5.047611262976138134e+45,-3.778584591433506770e+46,-1.204041853294993718e+47,-2.575426163145305438e+47,7.611460312744997059e+46,1.122032265988205694e+47,3.360873311805577600e+48,-1.337002952643613991e+48,-6.313636007222351762e+47,-6.961799178532993056e+47,8.863763062114623391e+49,-1.487142230101339351e+51,-7.827052834954936761e+51,-1.914597112778037618e+51,-2.036807224688184742e+51,1.970694969193271680e+50,-1.100756142929033433e+50,1.112309902416218664e+49,-4.208444703648184756e+35
nan,-3.815376338962367662e+33,-4.252898346889888443e+33,-3.426160875899931400e+33,-1.154490580070178281e+32,5.227129620182388985e+32,-2.063618872897095051e+34,-4.700806249805163388e+34,-5.089265805005740097e+34,-5.200959354477777944e+35,-2.099348012593163142e+35,1.651455598363178140e+35,8.783609760326191373e+35,4.304738392816311037e+36,-3.327433446221579556e+36,-5.786309119655372306e+36,1.862203805787963276e+36,8.526025875150386835e+35,-7.533258656154976897e+35,-5.997096939474138560e+37,-4.051203619721018415e+37,-5.036609282809616792e+37,-1.470359918020782177e+38,9.409786197418282597e+38,-6.527395623295542831e+39,1.307170111428818296e+41,2.634279594845386324e+42,2.713262103813176346e+42,1.662874841514001838e+43,1.972422050776140843e+43,6.843710855697953790e+43,1.034693320659560767e+43,1.691093477067862453e+43,2.658737864216234650e+43,5.893855763005032732e+43,-2.928337057167291666e+45,-4.091318822025584777e+45,7.106321384911359856e+46,-3.275100220675436448e+47,2.953226618749104385e+47,2.439037093117484595e+47,8.116536365509780262e+46,-2.116445599153544618e+48,-2.042757054268027015e+48,-2.527733792723649236e+47,7.308169936979050927e+48,8.615167739627787142e+48,-3.120961752023420865e+51,-5.932149542006668863e+51,-3.728153758583019071e+51,9.827990575798479244e+50,8.325152478038969458e+50,9.768714704966385957e+50,-1.040572291556849900e+48,-4.017071518023549916e+35
nan,-3.761822844419565348e+33,-2.721866382842279578e+33,-7.408289703477520566e+33,3.155928323052345173e+32,5.889235191589137447e+33,-5.351830963806195305e+34,-7.684908669399324692e+34,2.154140446552868981e+35,-2.692604303588581883e+35,-8.718041633755421153e+35,9.840554296107358154e+35,1.081744247609052651e+36,5.357163312230818754e+36,-4.916524505890742112e+36,-6.574319463574286835e+36,-4.665524891949929591e+36,-5.519176426588366891e+36,-6.423101824938755101e+37,-1.371654133259540244e+37,-1.110911243617846773e+38,-1.788666971345442437e+38,-4.048925181778430720e+38,2.530317896823710463e+39,-1.115973098969535558e+39,1.128746883002485914e+41,-1.211920326732708894e+42,-2.166775425281352519e+42,-5.215153156212999180e+42,-8.453632449035216264e+42,-1.340784470554795535e+43,-1.113436024195171389e+43,-5.003676619954636172e+42,5.657741114647114876e+43,1.498718908158926664e+44,-7.129473940064525181e+45,-7.700298319285247336e+45,5.142378282267249753e+46,4.441307312030169897e+47,2.764901890629463354e+47,3.748614143466158486e+47,2.089020139919748168e+47,-2.168096144948627186e+48,-4.690616259515842733e+48,7.176517742686143121e+48,7.258537788277469883e+48,2.054432570674130944e+48,1.926215809293912976e+51,-1.211698100507941489e+52,2.951745595590817999e+51,2.228412799368276227e+51,2.341200434335685666e+51,-9.525108885777901553e+49,-1.562958787762500680e+49,-3.825700631534936807e+35
nan,-4.002871231872193338e+33,-6.862749492571563666e+33,-2.421949301765262351e+34,-3.540475537057885942e+34,-3.720567773863225897e+34,-6.005412453832835179e+34,8.540486439326018953e+33,-1.652989115932527808e+34,-7.897780109301848492e+35,-1.081937518444752624e+36,4.000624036015444333e+36,1.713624882051309524e+36,9.438116403269433625e+36,1.598661020217664816e+36,-5.661303485716571075e+36,-9.274581303169262470e+36,-1.632932173107146439e+37,-1.120930768679906055e+37,-1.456919233120412523e+38,-1.992107281984942249e+38,4.481655553928790651e+36,-3.673632170046764820e+38,-1.998047296015380435e+39,-3.116693400981563498e+40,2.183312525178874080e+41,-8.634134787110802005e+41,-1.821003191873822602e+42,-4.620923469543483311e+42,-8.060379676427748412e+42,-1.060117244322960472e+43,-2.156566321390514261e+43,1.269492304889437814e+43,1.574046359178595149e+43,8.663467233570755096e+43,1.043499252015992409e+45,-3.011528125843779433e+45,1.110162995882050552e+47,3.265201053511791943e+47,5.683491837715233116e+47,-6.490794237936344237e+45,-8.356686344381603831e+46,-4.708972682203131552e+48,5.497287362979976201e+48,6.909382128623965419e+48,9.132310795794975105e+48,-1.619621442797182299e+49,6.417058603203134598e+50,7.565451176940681068e+51,4.887307361853765043e+51,4.654107379239707360e+51,-3.545932651653356164e+49,1.980668024908682518e+50,-1.796129548731430255e+49,-3.634333527064936149e+35
nan,-2.912498468819715968e+33,-3.907327104935033040e+33,-5.448456823525766792e+34,-1.007160460557081190e+34,-4.762488150287219574e+34,-5.497091689322121752e+34,-7.445050715408947609e+33,1.153401774367584946e+35,-1.753076811649693388e+36,-6.453051064537395794e+35,1.075570378571263401e+37,-8.974123842045647445e+35,1.396910593341740652e+37,6.551496714913394230e+36,-1.244223084313214853e+37,-1.512501086005610194e+37,-1.460312209854813015e+37,-4.949047611177154735e+37,3.638712756012904552e+37,3.034201532888201953e+37,-3.983624939120004770e+37,-2.404720765855642937e+38,-1.615561959794087903e+39,1.666888921393548687e+40,9.163495209341120958e+39,-2.372406753481431629e+42,-2.056469786807160958e+42,-8.987799106200066099e+42,-6.603868578297029809e+42,-1.898137064919306570e+43,9.084274032875027044e+42,3.505756439251218149e+43,-3.419194323392807267e+43,1.472650120050826919e+44,3.899980121523409887e+44,-1.511805570195108885e+45,-8.892285505741379244e+46,7.720858602594581438e+47,-4.377705123915634946e+47,-3.565934398422059362e+47,-5.567678964796401490e+46,4.185640007426254738e+48,4.300567109237329806e+48,7.630777811596040196e+48,1.153456563286715020e+49,-2.856708511550786731e+49,9.662617245746736719e+51,6.110300024044356100e+51,8.414045390426525356e+51,-8.593601625379102857e+50,-8.764962185122371196e+50,-1.370654616816096001e+51,1.560203256498357015e+48,-3.442971613713369701e+35
nan,-1.538904101738527494e+34,-2.485547422086957603e+34,-5.177224869130707082e+34,8.137810927984096228e+34,3.926445581446517578e+34,-3.885419953551760994e+34,2.817669577416189982e+35,-3.135915148204152104e+36,-2.999829472461271153e+36,-1.169981783041668521e+36,1.020308761829678670e+37,-5.764866863831445983e+35,1.480526826414346933e+37,1.462901169982866011e+37,1.420576137532483735e+37,1.974460956214163307e+37,2.737401645576925868e+37,3.597986943417149393e+37,-3.167920416318586441e+37,1.299690329372732450e+38,2.387962828858094847e+38,-8.415912800249245702e+38,-2.999225919358366276e+39,1.153396683642356107e+40,-2.961634033889402157e+40,7.295128192263356455e+41,-4.617962448439707971e+41,6.703473881117784789e+41,6.323249783520502188e+41,-1.142795755506116201e+42,2.288810365103307504e+43,-4.132144680054056544e+43,-7.389027313254103058e+43,1.804606446432941713e+44,1.924988968731542366e+45,-5.386447087407338439e+45,-6.269273774595653570e+46,-7.298751700738614280e+47,-4.776591633438923760e+47,-6.182927462281119938e+47,-2.016846614622726637e+47,3.729116430526231497e+48,7.271474029091923217e+48,1.051583787610045360e+49,5.600721999938505883e+48,-4.417636855901614054e+49,7.126494000181924424e+51,1.298879176168936981e+52,-4.432848447667512744e+51,-4.491065765499868129e+51,-3.795744800203708097e+51,2.373200153280974281e+50,2.779712223645671073e+49,-3.251616199321505434e+35
nan,-1.652923763203527260e+34,-2.611094916915942906e+34,-1.136469454313346497e+34,1.282934640315716268e+35,3.560397408701734524e+34,-3.757333729063625058e+34,5.108827340852534718e+35,-3.728995808255351254e+36,-3.441631629802313829e+36,-9.973716538499718480e+35,1.877427857742207824e+37,2.100052690074358924e+37,1.484892999249320117e+37,2.798882358922587774e+37,5.713836238066580788e+36,8.116847155625513131e+36,7.730546389027867923e+36,-1.830551616354560177e+37,-9.499578697039507150e+35,-2.497022345475931305e+38,2.640699577010716588e+38,7.837151579311341541e+38,-1.531134841119226824e+39,2.956228940718733846e+40,-4.484830812340197891e+40,3.143530387376153128e+41,9.197099422443505012e+41,6.041926239628653458e+41,9.689533271726006199e+41,3.578895321739289240e+42,-1.976732891619973935e+43,-2.871294368260098699e+43,-4.929215618455257609e+42,3.953603422354187200e+44,-1.330308697129811431e+45,8.951268815643648760e+45,-1.365048907836238933e+47,-5.544972658232943996e+47,-9.680846430647270690e+47,7.048476227228803465e+45,1.421712677651178561e+47,8.170213073448073234e+48,-4.249172031132335475e+47,-1.027259995084087791e+48,2.929419717063468461e+49,-1.228797479869444701e+50,1.790645154809344029e+52,-1.165602890386265673e+52,-8.908495602102265827e+51,-8.042070492853309670e+51,4.352261531038938088e+49,-3.412467017340532311e+50,3.692560433532921492e+49,-3.060268464984177961e+35
nan,-9.678369506055800625e+33,-2.034392012820855295e+34,-1.773939839450584584e+34,1.806828211909848205e+35,-4.692701916991663628e+34,3.285985915438910657e+35,-2.720431776016768421e+36,-3.559798424687012858e+36,-3.189002456914304177e+36,8.223437886013278014e+33,2.625022215691129144e+37,1.939870279637964933e+37,2.214279760157955587e+37,2.598047696531072468e+37,-4.549943629600253073e+36,-8.007554423724819048e+36,8.544639287763911894e+36,4.296715786786288159e+37,-2.573560571699072142e+37,-1.983963440980701291e+38,8.795944694640959086e+37,4.952756419298992538e+38,1.194003987024432339e+39,-3.676582694720961401e+39,-6.350944637929143162e+40,1.530652180123729737e+42,1.040588816357652428e+42,1.352419738413436983e+42,7.517986629276831908e+41,-6.723832546166323493e+42,-1.764544108735162073e+43,-6.665172414214088096e+43,8.634307920209291070e+43,-1.415447864896284495e+44,-2.852539098922664235e+45,5.813268702968314786e+45,1.007862168994763611e+47,-1.251232867473490847e+48,7.090482527516319871e+47,6.036250861994417253e+47,1.035665123418801774e+47,-7.068558747381708046e+48,-1.425719489418041780e+46,1.268378167413314330e+46,1.715148585182246367e+48,-3.627859196668606784e+49,-2.371906554933416892e+52,-1.278594232597109939e+52,-1.579320785181340033e+52,2.028977854877685992e+51,2.180549111697312498e+51,2.896794559497568769e+51,-5.101857415432283705e+48,-2.868929442048389878e+35
nan,-9.073240343463565836e+33,1.561694554597454606e+33,1.277672799137660684e+34,1.875965142175191847e+35,-1.929489523516981223e+36,-1.935053148227295671e+36,-2.764756383315172880e+36,-2.334221646864006984e+36,-1.054833313089989321e+37,2.265761156693555829e+37,2.356595149403830515e+37,2.078142659086723125e+37,4.972293237879979825e+37,-2.178073704103631660e+36,-3.674345080418326160e+36,-9.666192536980647059e+36,6.417948596307944437e+36,2.093265213048024620e+37,-5.348125924598012790e+37,-4.243901369146405167e+38,6.742536024162053383e+38,2.009545972508331062e+39,2.853394107808676603e+39,2.120726069307188129e+39,4.724372705278215041e+40,-1.981029342027313509e+41,1.701029276603592994e+40,9.145586618059805755e+41,1.644904556090216624e+42,-7.964490692193376939e+42,-4.144014692363749063e+43,4.927659735191145992e+43,2.177945994483666419e+44,-1.182428601138219800e+44,1.671368297798495446e+45,1.423023108013026826e+46,7.069514823661056147e+46,9.450525118667547686e+47,6.368154887696385095e+47,9.884958578819137726e+47,3.554728672733182687e+47,-6.296022358931457276e+48,-2.408901802263750646e+48,-5.321150903764467466e+47,-1.269316346901277320e+50,-8.479625210869603208e+49,-1.824882776604697580e+52,-2.542012170120255808e+52,8.908719219214285706e+51,8.787824361454872097e+51,7.484835895778966957e+51,-4.046160096034966962e+50,-5.006065516808814905e+49,-2.677599992047074899e+35
nan,-1.738223058553291431e+34,-1.775697415594431941e+34,7.910832688406061091e+33,2.070375379191999602e+35,-1.638673586519386301e+36,-1.987951768444714868e+36,-1.693394461603276589e+36,-9.598369931682794709e+36,2.248407842361060748e+37,2.313606656541722270e+37,1.863289570278862636e+37,5.251196739804638188e+37,-5.595026293011792984e+37,-4.770013434733213000e+37,6.109422552358866831e+36,1.282998898533311414e+37,1.009698165042722021e+37,8.889185653403958411e+37,-1.947646271757020914e+37,2.084400866964808056e+38,1.645898680091879354e+39,1.193256502619816004e+39,2.082490089135105476e+39,-1.266601580981265519e+39,2.320713905752739505e+40,9.971429425206565129e+40,-7.471154423292005544e+41,-6.014570064364239695e+41,-5.271512486982655568e+41,-2.146893252224780873e+43,2.984517083478897462e+43,1.012263063055232477e+44,-1.749472539972540148e+44,-2.273358661567130485e+44,1.298551138521033842e+45,-1.060356393521833255e+46,1.477528636972465112e+47,7.416731453079609353e+47,1.298309749837678502e+48,-1.912306783893976981e+47,-3.299524325304753811e+47,-1.348740060196450475e+49,-4.752396585929178613e+48,-3.887927783199039985e+48,-9.300415461307713945e+49,2.577691121017453987e+50,-4.144000863056421098e+52,2.056817147667512144e+52,1.600820350360659527e+52,1.527033292582551470e+52,9.595652825579568014e+48,7.010546760945640370e+50,-6.236075495617586174e+49,-2.486280789957984748e+35
nan,-2.245801914759266146e+34,-3.455515036231222499e+34,2.147173181846350608e+35,-1.348302949107888247e+36,-1.461676561590848195e+36,-1.233977111878742926e+36,-7.585718845278993765e+36,1.890483249861182163e+37,1.935486863625688499e+37,1.594913253407767406e+37,4.989598891365478030e+37,-5.988449627319357660e+37,-4.365482727609789967e+37,-8.126400472476590931e+37,2.447814217387645506e+36,1.782959123102820097e+37,-1.975781135779354976e+37,-2.634305030468435530e+37,-3.935497999369418064e+37,1.720858815032766630e+38,-1.174328850957256111e+39,5.048372962202978397e+38,2.707077266658423389e+39,1.194330502014236015e+40,1.039647594760675880e+41,-7.899557167747592840e+41,-2.916525164527179307e+39,-1.324217631948626139e+41,-8.593530746627539177e+41,1.826813273553736881e+43,6.312544660703100260e+43,-5.070640385277750805e+43,-3.231657372782043469e+43,-2.898211930047418355e+43,2.623058016963896458e+45,-7.143089267467928259e+45,-7.974706080894831278e+46,1.615365876047433370e+48,-8.076034923054146461e+47,-6.782083795497627273e+47,-2.360738481559137280e+47,1.015734356299144150e+49,1.482069746980716479e+49,1.206458672813063623e+49,-2.341802535030341113e+50,1.011896840875054209e+50,4.305908188721873577e+52,2.311989781205312150e+52,2.860697930241739425e+52,-3.408680381599603326e+51,-3.584592864672917056e+51,-5.001860693551069544e+51,8.245814449039756977e+48,-2.294972311111409180e+35
nan,-1.684818248654809483e+34,1.424939752267882592e+35,-1.030480919323110879e+36,-1.079487543350198427e+36,-9.210976926569767710e+35,-5.700405459161112134e+36,1.523796541516467863e+37,1.554070992929816955e+37,1.307339195148428151e+37,4.415952062954138067e+37,-5.662798599067197319e+37,-3.910820945114139117e+37,-9.460308569617704284e+37,6.387545382573230464e+37,5.490333691124187027e+37,6.661771497530465305e+37,-4.094594444197307055e+37,-4.263275594845254550e+37,-1.274497577948869365e+37,3.221238659096569377e+38,-6.296206222307560821e+38,-4.804193558325332378e+38,1.638362488564557534e+39,9.802244895587272658e+39,-2.646693676272824381e+40,-1.502113609719915441e+40,2.411980197605495376e+40,1.181098941135767625e+41,-6.562002572583717684e+41,4.212952086561354537e+43,-3.201941047181420695e+43,-1.102656990236271565e+44,-6.694998492109108991e+43,-2.396491219470037971e+43,-5.432383497160414789e+44,-1.599192248382192845e+46,-5.580583266659746077e+46,-9.096500285184182082e+47,-6.315639486506919131e+47,-1.246801998907143174e+48,-7.571613453116283460e+47,8.504805903788102290e+48,1.132297305703336703e+49,8.232192553395175517e+48,3.024874182009432564e+50,1.599996078927189344e+50,3.362018391446420415e+52,4.524408734009195975e+52,-1.501686405710223237e+52,-1.465885153066967379e+52,-1.278479869820192382e+52,6.603758893609412301e+50,7.729081960436352379e+49,-2.103674821997985581e+35
nan,1.170131759554015210e+35,-7.752360218142349506e+35,-8.308639209199376907e+35,-6.879673493490090531e+35,-4.222862547865255142e+36,1.178949934352126485e+37,1.199522425782181340e+37,1.029067622674116187e+37,3.744653080622360551e+37,-5.018378211346107555e+37,-3.405240393629769177e+37,-9.073407525964986330e+37,7.177862684486345825e+37,5.396396076690339470e+37,1.003056746177175478e+38,-2.078200928384657273e+37,-1.971875880220880824e+37,-5.602986041786145952e+37,3.299389459471077861e+37,6.927171995066605376e+37,-3.284961584668360594e+39,3.350330629813022403e+38,2.374593118592060024e+39,1.854290742847492298e+40,-3.892379904974596517e+40,-1.996427319427691762e+41,-2.704750644974559486e+40,-1.592183748562601082e+41,-9.218069435888257416e+41,-1.382025322279308180e+43,-6.425158551961952479e+43,-3.158534886864198198e+43,-5.586513667080174091e+43,-1.035548189333384920e+44,-4.207056918721358114e+44,5.293590069984343566e+45,-1.070110706925931918e+47,-7.377857962690651290e+47,-1.317534711639819619e+48,7.091377828503247861e+47,7.815681215315017524e+47,1.754555646147269284e+49,2.433372436301046965e+49,1.781876984231174271e+49,2.305132636315293718e+50,-2.047265916624885727e+50,7.424535457898357606e+52,-3.358989380401415790e+52,-2.621889612989621493e+52,-2.579062990285723169e+52,-1.021375743927380306e+50,-1.246074083715796175e+51,9.399378931990063851e+49,-1.912388375150953824e+35
nan,-7.109767205588031322e+35,-7.365323475198001351e+35,-5.569853605026892141e+35,-3.061178625145810577e+36,8.745246080753463249e+36,8.895621764055408543e+36,7.784718267338645217e+36,3.062476192939991584e+37,-4.305608115719086894e+37,-2.882445324814409110e+37,-8.070662860630518187e+37,6.895145109670686589e+37,4.780697523875385922e+37,1.079393611726125688e+38,-5.905954893282614269e+37,-6.056023086810093676e+37,-5.154235968609411890e+37,-5.231942599964068721e+37,-6.255875578941425898e+37,-3.126435043226692466e+37,5.114460387913082806e+38,-5.131356121604094343e+37,9.728752553912028339e+39,7.606376166321338386e+38,-7.298941065153901835e+40,3.517858629831586552e+41,-9.248565225514353663e+40,3.779863291173197992e+41,2.552458776939913066e+41,-3.320243917468049953e+43,-2.634012464747341682e+43,-1.703014797691988274e+44,-3.320499765769441705e+43,1.416437623577103718e+43,-8.957001644516259042e+44,4.690133958187743537e+45,2.585796551373592073e+46,-1.581730753360450513e+48,7.087560575036162860e+47,7.478919500751446389e+47,5.456874119425385695e+47,-1.014180261805035594e+49,-1.858151418900984775e+49,-1.277418748166295015e+49,5.179192901930063775e+50,-3.042164650166733571e+49,-6.993134475491158574e+52,-3.759042865728814230e+52,-4.725454375548398869e+52,5.426756891386789449e+51,5.687624285176483760e+51,8.098564913654050891e+51,-1.092787693259735945e+49,-1.721112808197048788e+35
nan,-7.346895871655206275e+35,-5.414613445588439537e+35,-2.208960376831608508e+36,6.215728348276853006e+36,6.310984189552092571e+36,5.655940269558497436e+36,2.418190340472456470e+37,-3.581746546458415199e+37,-2.367192321597510882e+37,-6.918426854708228138e+37,5.895679005550211767e+37,3.979291781404070875e+37,1.023111834615839841e+38,-5.160449716572271996e+37,-5.237146700880786185e+37,-4.670626135339514946e+37,-8.195546027168851870e+37,2.453806972981863071e+37,2.103417320965411588e+37,-4.642172564340570265e+37,-2.852853307417135967e+38,-1.082669808837199581e+39,-2.328526065737223353e+39,-1.627992737578541023e+39,-3.233055570133213296e+39,4.146474798357998124e+40,-1.797418544387881521e+41,3.488050575030693854e+41,-1.033304794795867498e+41,-4.288402877313636418e+42,-1.174189656899920587e+44,-3.145792600568601125e+44,-1.915312634491326908e+44,-3.396263589405900274e+44,-1.148112560510422749e+44,9.266019484953907438e+45,1.341382784680521047e+46,4.745540112875154755e+47,2.130274596495236692e+47,1.603221030119433805e+48,1.517934341358761490e+48,-8.664551835793183129e+48,-1.499047922106767918e+49,-8.551508682512595453e+48,-4.836259594076839428e+50,1.423763386137582671e+50,-5.535178993478117491e+52,-7.307859756480863317e+52,2.428767088177529448e+52,2.331042942381096947e+52,2.049738456139658166e+52,-1.041116798408276064e+51,-1.106697913777174488e+50,-1.529847747088847315e+35
nan,-6.024376793584084385e+35,-1.733996677601249857e+36,4.157680136841497066e+36,4.205700466106050353e+36,3.924990244286020848e+36,1.840239207969092784e+37,-2.878933685042862669e+37,-1.879845349672803802e+37,-5.701340909947371709e+37,4.531475694320691630e+37,2.873241388771300463e+37,8.166836945999806777e+37,-4.469416092787858430e+37,-4.029154038237379640e+37,-3.750517725056130633e+37,-8.769378577314341061e+37,3.803107170157811296e+37,2.985128965061748291e+37,5.376590802306243627e+37,-6.460177161968764312e+37,1.977062345577197303e+39,1.620804561966396202e+38,-1.320339913648003409e+39,-3.520597571055112098e+39,6.378843378533046514e+39,1.210318437930648317e+41,-5.987626874779376274e+40,2.912269402576953658e+41,5.028468960597494931e+41,1.920474886435804710e+41,-9.381847856783635772e+43,5.011484097388370199e+44,1.110823634869040522e+45,-1.673994052073484745e+45,-1.642261576751869588e+45,-1.489382689268471345e+44,3.578295125270083113e+46,2.597131600546330606e+47,5.956408268478026725e+47,-1.124238399956846975e+48,-1.167009152838441084e+48,-1.717871360132821175e+49,-2.817531395800044130e+49,-1.606311931107646992e+49,-3.892427053709158950e+50,-1.963326321501469971e+50,-1.186442556411306534e+53,4.949854311996996526e+52,3.869550906751398148e+52,4.074646063630225609e+52,3.539301920690856968e+50,1.990909648208535047e+51,-1.311728175766175959e+50,-1.338592613450072807e+35
nan,-1.726142516261647698e+36,2.656444176397507765e+36,2.794907913233063377e+36,2.549422555464903279e+36,1.341381816104330767e+37,-2.208878137546747802e+37,-1.427107602351298211e+37,-4.414838274327803603e+37,3.015903041863755547e+37,1.667359542115830948e+37,5.907137357125921770e+37,-4.055041564012106315e+36,2.815719078820784268e+36,-2.713257359369778250e+37,-7.579972813585442673e+37,2.514872865119785450e+37,2.733841686168408196e+37,4.413826484214238279e+37,6.957203651352797676e+35,8.031770669696515117e+37,-7.528286651184633166e+38,9.808519156785400099e+38,9.784145814085525060e+37,4.090375658782589201e+38,1.558385934232701347e+40,-1.119322481589817159e+41,-7.297474672594541117e+40,2.972379951740544260e+41,-5.152482045680936964e+41,-2.015801940400640294e+42,-5.574756761704332250e+43,-1.297502123933425675e+45,7.509259210009000338e+44,1.349426941694018244e+45,-2.774375551314698819e+45,-3.352139751547246522e+45,-3.326024918022464845e+46,9.426351935360127677e+47,-2.966435187190636204e+47,-6.176090510899510689e+47,-8.784251464567932067e+47,7.324621655222270060e+48,1.025310163842857383e+49,4.185456291208390139e+48,-8.124373931552236321e+50,-2.838009691446591526e+50,9.215877222528540256e+52,5.105080043126715329e+52,7.121968373732759221e+52,-9.239039988600109781e+51,-9.531048409061881193e+51,-1.280205101112439864e+52,1.753285301499470881e+49,-1.147346635885869929e+35
nan,2.261298824870855870e+36,1.654632303968714093e+36,1.816549412596797275e+36,9.170466539759852163e+36,-1.622771393730825543e+37,-1.059253360634211447e+37,-3.285525651485484086e+37,2.219280496297453961e+37,1.287944030689531840e+37,4.116720508126592364e+37,4.093768831250008860e+35,-1.451445427322932027e+36,1.934704312484679817e+37,-6.707142702536484141e+37,2.330910719096134065e+36,9.357623003105217225e+36,1.064338207500340164e+37,1.088283310518072192e+38,1.627654199265568763e+38,1.527479138933421745e+38,-4.844472613728503588e+38,8.750983922768344525e+38,-1.200971148868944921e+39,4.974129936641102012e+39,3.894020571968959371e+39,-7.136865762036589564e+40,9.423108007460703502e+41,2.908802234194448290e+41,6.745305493905343355e+40,-7.190760847044218498e+41,-9.369119653743395295e+43,-2.116022770193189492e+45,-4.037322139304777875e+45,-1.787056426551600922e+45,-4.635201964627396696e+45,-7.583085972844663253e+45,1.028828397165813381e+46,1.146695179962581753e+47,-1.191445164244249819e+47,-1.391400978879535035e+48,-1.816719648721531660e+48,6.647879098854056171e+48,1.043315515812156834e+49,2.019836413299803442e+48,4.325649375078938943e+50,-9.341661561979246383e+50,7.719097731113798942e+52,9.961459647693603266e+52,-3.458360870346780002e+52,-3.154377223701934436e+52,-3.009927409943252740e+52,1.429382171800916127e+51,1.452563751455141422e+50,-9.561088650338266493e+34
nan,1.544748831180556013e+36,9.569172650978492458e+35,5.680377296355982393e+36,-1.146761372148756563e+37,-7.790817582670035676e+36,-2.448957609032913391e+37,1.135840305398589679e+37,5.577666534440136139e+36,2.977492302680661013e+37,7.921990904236836052e+36,8.057378405568580486e+35,6.976975219256518290e+36,-2.105947978076395315e+37,2.504519176911237579e+37,1.470572318895813342e+37,-5.640801656139955588e+36,5.254952788456573371e+37,1.083596115854442980e+38,1.064336883519724020e+38,2.221539919365098186e+38,-4.666801162933490853e+38,1.650387220157663334e+39,-2.203494336571858430e+38,1.440210139434137674e+40,1.411793843439046095e+40,-8.584111253067828085e+40,1.139342278059411341e+42,-3.881948283442901158e+41,-1.092716855579066607e+42,-7.179545873391556860e+41,-6.660634915902710245e+43,-1.604547679236751529e+45,-2.472162680574762242e+45,1.517959007591510875e+45,-4.358399594435857785e+45,1.940487125773905207e+45,-5.685751590705277473e+45,3.171278482635812529e+47,-1.197660001158109354e+48,-2.070036646500957225e+48,-3.520132140321539976e+48,1.339062029149276352e+49,1.866398520031787344e+49,2.721501700483144997e+48,3.538004862642801544e+50,-7.346801278160870186e+49,1.505996461720731089e+53,-5.766990372111019384e+52,-4.347343694609985652e+52,-5.450185058991183930e+52,-1.198579409755920987e+51,-2.312324803711749534e+51,1.890788575360107944e+50,-7.648781920599460359e+34
nan,4.182476501676925098e+36,3.706523792774509092e+36,-5.986049305400434007e+36,-5.560375728388300304e+36,-1.800930852106745588e+37,6.693891189842993440e+36,2.590957542829146430e+36,1.555464535227424915e+37,-2.608976810135976992e+36,-2.466984210489663018e+35,1.575171981647997490e+37,2.589907302512055289e+36,1.120815158198781995e+37,1.742276304144473078e+37,1.810870021909019248e+36,7.868244836118975276e+36,-4.391690360925944185e+36,3.029792149997636195e+36,1.059000216589685461e+38,3.645422274517777075e+38,-4.883112157446176746e+38,2.275381890287723939e+39,-2.689800434169871984e+39,1.265312099380824211e+40,1.586365853859193426e+40,-5.095214502786547142e+40,1.368984290428918526e+42,-4.167797565750709983e+41,-8.252531961842069477e+41,-8.697371077352721289e+41,-4.860596553676528887e+43,-2.382653180808775812e+45,-6.437908647854873967e+45,6.202811999996586624e+45,1.961218779935991373e+45,-3.269121746760006443e+45,4.927484202796208186e+45,5.091972987313995814e+46,-6.431001061607319233e+47,-7.484831360588434165e+47,-4.121202211972662099e+48,-5.371190928346739906e+45,-3.277888449488010204e+48,-2.663267778446342973e+48,7.514583404998278943e+50,-6.772441910601389808e+49,-1.380732178307383977e+52,-5.377502053830981610e+52,-8.034218288325284307e+52,1.565632827372324511e+52,1.071182301509674568e+52,1.597458733123941069e+52,-4.890465010351973950e+49,-5.736533702382130490e+34
nan,-2.158716974548518703e+36,-2.723411094156278593e+36,-4.431553930817809538e+36,-1.266007293898653172e+37,7.065013034605389192e+36,4.132930508445982409e+36,9.476289907905254438e+36,5.512388151986420693e+36,4.202887377026868254e+36,-3.416443683717116629e+36,-2.300183382155022815e+37,-7.645206386369198014e+36,1.783697077475886813e+36,4.374581748883860568e+37,4.885809678044404266e+37,-6.355780339928641412e+36,-1.101307089115551055e+37,6.530702662492913748e+36,1.439823530290037216e+38,6.901125918178225361e+38,-3.248670794705032879e+38,2.147755379720004651e+39,-3.878632013274656099e+39,1.827793970208151289e+39,-8.893356263660990961e+39,-3.010388794240249534e+40,1.997466527515632983e+42,-6.315055732501919970e+41,-4.830668729043255294e+42,-1.076426831198636455e+42,-7.306996927276539421e+43,-3.451878384503083121e+45,-1.208782217427430074e+46,4.274013474103544358e+45,2.614514353106299472e+45,-6.569662973276940281e+45,-5.694705240169749461e+45,1.431146677124380107e+47,-7.146719445567425290e+47,-9.615734756665335901e+47,-5.052161502658423374e+48,2.048306200047786448e+48,-1.748795381119651322e+48,1.327507145711129940e+48,-3.484475834232354626e+49,4.636027398470019933e+50,1.017118950793141450e+52,-1.039194729510020534e+53,1.346251243196457661e+52,4.661783629317668929e+51,2.374429047082468511e+52,-1.964835413755110504e+51,4.223247062486363897e+50,-3.824330391939374050e+34
nan,-2.231494657771141459e+36,-1.431799298102462068e+36,-8.582206954174162557e+36,1.091821840476534717e+36,-4.091255067936644794e+36,9.781917550632305038e+36,6.383322389068773676e+36,5.604109660483382606e+36,1.141373025359658002e+37,-2.455894980312839677e+36,-5.770260770666552041e+36,-1.374389384121575514e+37,-2.462996834002967620e+37,2.153944823486348638e+37,1.821104550846375159e+36,4.147595688518542373e+36,-4.453389872301692115e+36,4.540789528518855694e+37,1.437875179274317430e+38,8.089092845702152158e+38,-4.467055361927402603e+38,3.475493024022290157e+39,-5.727752119272622124e+39,1.104372989108801034e+40,-3.151203804204260396e+40,2.144327736339545659e+40,2.357959877536625652e+42,-9.248824297169761087e+41,-4.013095456521277125e+43,7.388813812868140141e+41,4.459771689096539373e+44,-4.732951026589875434e+44,-9.268092709120674969e+43,5.844091395234456206e+45,1.439897164932446143e+45,-1.717244592481617114e+46,-8.446349485482386215e+43,2.316996732770170945e+47,-8.175400692520247955e+47,-2.426232241595201496e+48,-6.251768807920229041e+48,4.129355639192128603e+48,-6.109309789779377724e+48,6.262598065578948440e+47,-1.190988701887771051e+51,2.474412313588758261e+50,-5.878986823701463410e+52,-1.032364369902665568e+53,3.042558968292125260e+52,1.176373984000247316e+52,1.116957561414984869e+52,-3.233595005031794365e+51,-4.486639881191508271e+49,-1.912157513407672871e+34
nan,-2.660128500807861043e+36,-3.004478598790204525e+36,-4.035569191615652568e+36,-8.454393084992963056e+36,-1.255172570189118263e+37,2.776697198435759856e+36,-7.168952646484540950e+36,-8.330384308405599063e+36,-5.532645331227200087e+36,-7.435983842842290038e+36,-4.590815237216086860e+36,-1.743082135477137021e+37,-1.822538496067781697e+37,1.543991334639430124e+37,1.870439230668164398e+37,1.799581186918615450e+37,-1.071228460936636080e+37,1.681380758374349827e+38,2.086158420054331235e+38,1.172789511018297046e+39,-3.245659909224062691e+38,1.315409395502162713e+40,-1.419098980207171962e+40,2.568031736068032842e+39,-1.259081711543633144e+41,1.167573083135075913e+41,1.046162532113058901e+43,-1.586678343199689778e+42,-6.087816061303905107e+43,7.552164989983115024e+42,6.434355801442648064e+44,-1.173358639376402344e+45,1.692400890356993075e+44,2.529801332377849350e+46,7.695326989693717790e+44,-7.372013491543531858e+46,4.347248016981900462e+45,1.023283643891447933e+48,-8.393031445358992213e+47,-2.604318966175200840e+48,-8.612972714626705115e+48,1.123430757163633275e+49,-4.650744325635791430e+48,-2.311073154466065753e+48,-1.512272751984424129e+51,2.442957074102059983e+50,1.608195018139594908e+53,-1.350853959365796113e+53,5.149238768962080962e+52,3.622399657372725580e+52,3.642377118681304739e+52,-1.899363062275432231e+52,6.223913599705081229e+49,2.000000000000000000e+02
