"Pressure","Velocity:0","Velocity:1","Velocity:2","Nu_Tilde","Pressure_Coefficient","Density","Laminar_Viscosity","Skin_Friction_Coefficient:0","Skin_Friction_Coefficient:1","Skin_Friction_Coefficient:2","Heat_Flux","Y_Plus","Eddy_Viscosity","Points:0","Points:1","Points:2"
0.0994,0,0,0,0,0.199,1,1.67e-07,0,-0.001,0,-0,0.122,0,0.75,0,0
0.0963,0,0,0,0,0.193,1,1.67e-07,0.00206,0.000299,0,-0,3.77,0,0.75,-5.39e-06,0
0.094,0,0,0,0,0.188,1,1.67e-07,0.00195,0.000284,0,-0,3,0,0.75,-2.15e-05,0
0.0936,0,0,0,0,0.187,1,1.67e-07,0.00186,0.000271,0,-0,2.39,0,0.75,-4.85e-05,0
0.0933,0,0,0,0,0.187,1,1.67e-07,0.00183,0.000266,0,-0,1.97,0,0.749,-8.62e-05,0
0.0928,0,0,0,0,0.186,1,1.67e-07,0.00184,0.000266,0,-0,1.71,0,0.749,-0.000135,0
0.0922,0,0,0,0,0.184,1,1.67e-07,0.00185,0.000268,0,-0,1.57,0,0.749,-0.000194,0
0.0915,0,0,0,0,0.183,1,1.67e-07,0.00187,0.000271,0,-0,1.51,0,0.748,-0.000264,0
0.0907,0,0,0,0,0.181,1,1.67e-07,0.00188,0.000273,0,-0,1.47,0,0.748,-0.000344,0
0.0899,0,0,0,0,0.18,1,1.67e-07,0.0019,0.000275,0,-0,1.46,0,0.747,-0.000435,0
0.089,0,0,0,0,0.178,1,1.67e-07,0.00192,0.000277,0,-0,1.47,0,0.746,-0.000537,0
0.0881,0,0,0,0,0.176,1,1.67e-07,0.00194,0.00028,0,-0,1.47,0,0.746,-0.000649,0
0.0872,0,0,0,0,0.174,1,1.67e-07,0.00195,0.000282,0,-0,1.49,0,0.745,-0.000772,0
0.0862,0,0,0,0,0.172,1,1.67e-07,0.00197,0.000284,0,-0,1.5,0,0.744,-0.000905,0
0.0852,0,0,0,0,0.17,1,1.67e-07,0.00199,0.000286,0,-0,1.52,0,0.743,-0.00105,0
0.0842,0,0,0,0,0.168,1,1.67e-07,0.002,0.000288,0,-0,1.54,0,0.742,-0.0012,0
0.0832,0,0,0,0,0.166,1,1.67e-07,0.00202,0.00029,0,-0,1.55,0,0.741,-0.00137,0
0.0822,0,0,0,0,0.164,1,1.67e-07,0.00203,0.000292,0,-0,1.57,0,0.739,-0.00154,0
0.0812,0,0,0,0,0.162,1,1.67e-07,0.00205,0.000293,0,-0,1.59,0,0.738,-0.00173,0
0.0802,0,0,0,0,0.16,1,1.67e-07,0.00207,0.000295,0,-0,1.61,0,0.737,-0.00192,0
0.0791,0,0,0,0,0.158,1,1.67e-07,0.00208,0.000297,0,-0,1.63,0,0.735,-0.00212,0
0.0781,0,0,0,0,0.156,1,1.67e-07,0.0021,0.000298,0,-0,1.64,0,0.734,-0.00234,0
0.0771,0,0,0,0,0.154,1,1.67e-07,0.00211,0.0003,0,-0,1.66,0,0.732,-0.00256,0
0.0761,0,0,0,0,0.152,1,1.67e-07,0.00213,0.000301,0,-0,1.67,0,0.731,-0.0028,0
0.0752,0,0,0,0,0.15,1,1.67e-07,0.00214,0.000303,0,-0,1.69,0,0.729,-0.00304,0
0.0742,0,0,0,0,0.148,1,1.67e-07,0.00215,0.000304,0,-0,1.7,0,0.727,-0.00329,0
0.0732,0,0,0,0,0.146,1,1.67e-07,0.00217,0.000305,0,-0,1.72,0,0.725,-0.00355,0
0.0723,0,0,0,0,0.145,1,1.67e-07,0.00218,0.000306,0,-0,1.73,0,0.723,-0.00383,0
0.0714,0,0,0,0,0.143,1,1.67e-07,0.0022,0.000308,0,-0,1.74,0,0.721,-0.00411,0
0.0704,0,0,0,0,0.141,1,1.67e-07,0.00221,0.000309,0,-0,1.76,0,0.719,-0.0044,0
0.0696,0,0,0,0,0.139,1,1.67e-07,0.00222,0.00031,0,-0,1.77,0,0.717,-0.00469,0
0.0687,0,0,0,0,0.137,1,1.67e-07,0.00223,0.00031,0,-0,1.78,0,0.715,-0.005,0
0.0678,0,0,0,0,0.136,1,1.67e-07,0.00225,0.000311,0,-0,1.79,0,0.713,-0.00532,0
0.067,0,0,0,0,0.134,1,1.67e-07,0.00226,0.000312,0,-0,1.8,0,0.71,-0.00564,0
0.0662,0,0,0,0,0.132,1,1.67e-07,0.00227,0.000313,0,-0,1.81,0,0.708,-0.00598,0
0.0653,0,0,0,0,0.131,1,1.67e-07,0.00228,0.000313,0,-0,1.82,0,0.705,-0.00632,0
0.0646,0,0,0,0,0.129,1,1.67e-07,0.00229,0.000314,0,-0,1.83,0,0.703,-0.00667,0
0.0638,0,0,0,0,0.128,1,1.67e-07,0.00231,0.000314,0,-0,1.83,0,0.7,-0.00702,0
0.0631,0,0,0,0,0.126,1,1.67e-07,0.00232,0.000315,0,-0,1.84,0,0.697,-0.00739,0
0.0623,0,0,0,0,0.125,1,1.67e-07,0.00233,0.000315,0,-0,1.85,0,0.695,-0.00776,0
0.0616,0,0,0,0,0.123,1,1.67e-07,0.00234,0.000315,0,-0,1.86,0,0.692,-0.00814,0
0.0609,0,0,0,0,0.122,1,1.67e-07,0.00235,0.000316,0,-0,1.86,0,0.689,-0.00853,0
0.0603,0,0,0,0,0.121,1,1.67e-07,0.00236,0.000316,0,-0,1.87,0,0.686,-0.00893,0
0.0596,0,0,0,0,0.119,1,1.67e-07,0.00237,0.000316,0,-0,1.87,0,0.683,-0.00933,0
0.059,0,0,0,0,0.118,1,1.67e-07,0.00238,0.000316,0,-0,1.88,0,0.68,-0.00974,0
0.0584,0,0,0,0,0.117,1,1.67e-07,0.00239,0.000316,0,-0,1.88,0,0.677,-0.0102,0
0.0578,0,0,0,0,0.116,1,1.67e-07,0.0024,0.000316,0,-0,1.89,0,0.674,-0.0106,0
0.0573,0,0,0,0,0.115,1,1.67e-07,0.0024,0.000316,0,-0,1.89,0,0.67,-0.011,0
0.0567,0,0,0,0,0.113,1,1.67e-07,0.00241,0.000316,0,-0,1.9,0,0.667,-0.0114,0
0.0562,0,0,0,0,0.112,1,1.67e-07,0.00242,0.000316,0,-0,1.9,0,0.664,-0.0119,0
0.0557,0,0,0,0,0.111,1,1.67e-07,0.00243,0.000315,0,-0,1.9,0,0.66,-0.0123,0
0.0552,0,0,0,0,0.11,1,1.67e-07,0.00244,0.000315,0,-0,1.91,0,0.657,-0.0128,0
0.0547,0,0,0,0,0.109,1,1.67e-07,0.00245,0.000315,0,-0,1.91,0,0.653,-0.0133,0
0.0543,0,0,0,0,0.109,1,1.67e-07,0.00245,0.000314,0,-0,1.91,0,0.649,-0.0137,0
0.0539,0,0,0,0,0.108,1,1.67e-07,0.00246,0.000314,0,-0,1.91,0,0.646,-0.0142,0
0.0535,0,0,0,0,0.107,1,1.67e-07,0.00247,0.000313,0,-0,1.91,0,0.642,-0.0147,0
0.0531,0,0,0,0,0.106,1,1.67e-07,0.00248,0.000313,0,-0,1.92,0,0.638,-0.0152,0
0.0527,0,0,0,0,0.105,1,1.67e-07,0.00248,0.000312,0,-0,1.92,0,0.634,-0.0156,0
0.0524,0,0,0,0,0.105,1,1.67e-07,0.00249,0.000312,0,-0,1.92,0,0.63,-0.0161,0
0.052,0,0,0,0,0.104,1,1.67e-07,0.0025,0.000311,0,-0,1.92,0,0.626,-0.0166,0
0.0517,0,0,0,0,0.103,1,1.67e-07,0.00251,0.00031,0,-0,1.92,0,0.622,-0.0171,0
0.0514,0,0,0,0,0.103,1,1.67e-07,0.00251,0.00031,0,-0,1.92,0,0.618,-0.0176,0
0.0511,0,0,0,0,0.102,1,1.67e-07,0.00252,0.000309,0,-0,1.92,0,0.614,-0.0181,0
0.0509,0,0,0,0,0.102,1,1.67e-07,0.00253,0.000308,0,-0,1.92,0,0.61,-0.0187,0
0.0506,0,0,0,0,0.101,1,1.67e-07,0.00253,0.000307,0,-0,1.92,0,0.606,-0.0192,0
0.0504,0,0,0,0,0.101,1,1.67e-07,0.00254,0.000307,0,-0,1.92,0,0.601,-0.0197,0
0.0502,0,0,0,0,0.1,1,1.67e-07,0.00254,0.000306,0,-0,1.92,0,0.597,-0.0202,0
0.05,0,0,0,0,0.1,1,1.67e-07,0.00255,0.000305,0,-0,1.92,0,0.593,-0.0208,0
0.0498,0,0,0,0,0.0997,1,1.67e-07,0.00256,0.000304,0,-0,1.92,0,0.588,-0.0213,0
0.0497,0,0,0,0,0.0993,1,1.67e-07,0.00256,0.000303,0,-0,1.92,0,0.584,-0.0218,0
0.0495,0,0,0,0,0.0991,1,1.67e-07,0.00257,0.000302,0,-0,1.92,0,0.579,-0.0224,0
0.0494,0,0,0,0,0.0988,1,1.67e-07,0.00257,0.000301,0,-0,1.92,0,0.574,-0.0229,0
0.0493,0,0,0,0,0.0986,1,1.67e-07,0.00258,0.0003,0,-0,1.92,0,0.57,-0.0234,0
0.0492,0,0,0,0,0.0984,1,1.67e-07,0.00258,0.000298,0,-0,1.91,0,0.565,-0.024,0
0.0491,0,0,0,0,0.0982,1,1.67e-07,0.00259,0.000297,0,-0,1.91,0,0.56,-0.0245,0
0.0491,0,0,0,0,0.0981,1,1.67e-07,0.00259,0.000296,0,-0,1.91,0,0.556,-0.0251,0
0.049,0,0,0,0,0.098,1,1.67e-07,0.0026,0.000295,0,-0,1.91,0,0.551,-0.0256,0
0.049,0,0,0,0,0.098,1,1.67e-07,0.0026,0.000294,0,-0,1.91,0,0.546,-0.0262,0
0.049,0,0,0,0,0.0979,1,1.67e-07,0.00261,0.000292,0,-0,1.91,0,0.541,-0.0267,0
0.049,0,0,0,0,0.0979,1,1.67e-07,0.00261,0.000291,0,-0,1.91,0,0.536,-0.0273,0
0.049,0,0,0,0,0.0979,1,1.67e-07,0.00262,0.00029,0,-0,1.9,0,0.531,-0.0278,0
0.049,0,0,0,0,0.098,1,1.67e-07,0.00262,0.000288,0,-0,1.9,0,0.526,-0.0284,0
0.049,0,0,0,0,0.0981,1,1.67e-07,0.00263,0.000287,0,-0,1.9,0,0.521,-0.029,0
0.0491,0,0,0,0,0.0982,1,1.67e-07,0.00263,0.000286,0,-0,1.9,0,0.516,-0.0295,0
0.0492,0,0,0,0,0.0983,1,1.67e-07,0.00264,0.000284,0,-0,1.9,0,0.51,-0.0301,0
0.0493,0,0,0,0,0.0985,1,1.67e-07,0.00264,0.000283,0,-0,1.89,0,0.505,-0.0306,0
0.0494,0,0,0,0,0.0987,1,1.67e-07,0.00265,0.000281,0,-0,1.89,0,0.5,-0.0312,0
0.0495,0,0,0,0,0.0989,1,1.67e-07,0.00265,0.00028,0,-0,1.89,0,0.495,-0.0318,0
0.0496,0,0,0,0,0.0992,1,1.67e-07,0.00266,0.000278,0,-0,1.89,0,0.489,-0.0323,0
0.0497,0,0,0,0,0.0995,1,1.67e-07,0.00266,0.000277,0,-0,1.88,0,0.484,-0.0329,0
0.0499,0,0,0,0,0.0998,1,1.67e-07,0.00267,0.000275,0,-0,1.88,0,0.479,-0.0334,0
0.0501,0,0,0,0,0.1,1,1.67e-07,0.00267,0.000273,0,-0,1.88,0,0.473,-0.034,0
0.0502,0,0,0,0,0.1,1,1.67e-07,0.00267,0.000272,0,-0,1.88,0,0.468,-0.0346,0
0.0504,0,0,0,0,0.101,1,1.67e-07,0.00268,0.00027,0,-0,1.87,0,0.462,-0.0351,0
0.0507,0,0,0,0,0.101,1,1.67e-07,0.00268,0.000268,0,-0,1.87,0,0.457,-0.0357,0
0.0509,0,0,0,0,0.102,1,1.67e-07,0.00269,0.000266,0,-0,1.87,0,0.451,-0.0362,0
0.0511,0,0,0,0,0.102,1,1.67e-07,0.00269,0.000265,0,-0,1.87,0,0.446,-0.0368,0
0.0514,0,0,0,0,0.103,1,1.67e-07,0.0027,0.000263,0,-0,1.86,0,0.44,-0.0373,0
0.0516,0,0,0,0,0.103,1,1.67e-07,0.0027,0.000261,0,-0,1.86,0,0.434,-0.0379,0
0.0519,0,0,0,0,0.104,1,1.67e-07,0.0027,0.000259,0,-0,1.86,0,0.429,-0.0384,0
0.0522,0,0,0,0,0.104,1,1.67e-07,0.00271,0.000257,0,-0,1.86,0,0.423,-0.039,0
0.0525,0,0,0,0,0.105,1,1.67e-07,0.00271,0.000255,0,-0,1.85,0,0.417,-0.0395,0
0.0529,0,0,0,0,0.106,1,1.67e-07,0.00272,0.000253,0,-0,1.85,0,0.411,-0.04,0
0.0532,0,0,0,0,0.106,1,1.67e-07,0.00272,0.000251,0,-0,1.85,0,0.406,-0.0406,0
0.0536,0,0,0,0,0.107,1,1.67e-07,0.00272,0.000249,0,-0,1.84,0,0.4,-0.0411,0
0.0539,0,0,0,0,0.108,1,1.67e-07,0.00273,0.000247,0,-0,1.84,0,0.394,-0.0416,0
0.0543,0,0,0,0,0.109,1,1.67e-07,0.00273,0.000245,0,-0,1.84,0,0.388,-0.0422,0
0.0547,0,0,0,0,0.109,1,1.67e-07,0.00274,0.000242,0,-0,1.84,0,0.382,-0.0427,0
0.0551,0,0,0,0,0.11,1,1.67e-07,0.00274,0.00024,0,-0,1.83,0,0.376,-0.0432,0
0.0556,0,0,0,0,0.111,1,1.67e-07,0.00274,0.000238,0,-0,1.83,0,0.371,-0.0437,0
0.056,0,0,0,0,0.112,1,1.67e-07,0.00275,0.000236,0,-0,1.83,0,0.365,-0.0442,0
0.0565,0,0,0,0,0.113,1,1.67e-07,0.00275,0.000233,0,-0,1.82,0,0.359,-0.0447,0
0.057,0,0,0,0,0.114,1,1.67e-07,0.00276,0.000231,0,-0,1.82,0,0.353,-0.0452,0
0.0575,0,0,0,0,0.115,1,1.67e-07,0.00276,0.000228,0,-0,1.82,0,0.347,-0.0457,0
0.058,0,0,0,0,0.116,1,1.67e-07,0.00276,0.000226,0,-0,1.82,0,0.341,-0.0462,0
0.0585,0,0,0,0,0.117,1,1.67e-07,0.00277,0.000223,0,-0,1.81,0,0.335,-0.0467,0
0.0591,0,0,0,0,0.118,1,1.67e-07,0.00277,0.00022,0,-0,1.81,0,0.329,-0.0472,0
0.0597,0,0,0,0,0.119,1,1.67e-07,0.00278,0.000218,0,-0,1.81,0,0.323,-0.0477,0
0.0602,0,0,0,0,0.12,1,1.67e-07,0.00278,0.000215,0,-0,1.8,0,0.317,-0.0481,0
0.0609,0,0,0,0,0.122,1,1.67e-07,0.00278,0.000212,0,-0,1.8,0,0.311,-0.0486,0
0.0615,0,0,0,0,0.123,1,1.67e-07,0.00279,0.000209,0,-0,1.8,0,0.305,-0.0491,0
0.0621,0,0,0,0,0.124,1,1.67e-07,0.00279,0.000206,0,-0,1.79,0,0.299,-0.0495,0
0.0628,0,0,0,0,0.126,1,1.67e-07,0.00279,0.000203,0,-0,1.79,0,0.293,-0.05,0
0.0635,0,0,0,0,0.127,1,1.67e-07,0.0028,0.0002,0,-0,1.79,0,0.286,-0.0504,0
0.0642,0,0,0,0,0.128,1,1.67e-07,0.0028,0.000197,0,-0,1.79,0,0.28,-0.0508,0
0.065,0,0,0,0,0.13,1,1.67e-07,0.00281,0.000194,0,-0,1.78,0,0.274,-0.0512,0
0.0657,0,0,0,0,0.131,1,1.67e-07,0.00281,0.00019,0,-0,1.78,0,0.268,-0.0517,0
0.0665,0,0,0,0,0.133,1,1.67e-07,0.00281,0.000187,0,-0,1.78,0,0.262,-0.0521,0
0.0673,0,0,0,0,0.135,1,1.67e-07,0.00282,0.000183,0,-0,1.77,0,0.256,-0.0525,0
0.0682,0,0,0,0,0.136,1,1.67e-07,0.00282,0.00018,0,-0,1.77,0,0.25,-0.0529,0
0.0691,0,0,0,0,0.138,1,1.67e-07,0.00282,0.000176,0,-0,1.77,0,0.244,-0.0532,0
0.07,0,0,0,0,0.14,1,1.67e-07,0.00283,0.000172,0,-0,1.76,0,0.238,-0.0536,0
0.0709,0,0,0,0,0.142,1,1.67e-07,0.00283,0.000169,0,-0,1.76,0,0.232,-0.054,0
0.0718,0,0,0,0,0.144,1,1.67e-07,0.00283,0.000165,0,-0,1.76,0,0.226,-0.0543,0
0.0728,0,0,0,0,0.146,1,1.67e-07,0.00284,0.000161,0,-0,1.75,0,0.22,-0.0547,0
0.0738,0,0,0,0,0.148,1,1.67e-07,0.00284,0.000157,0,-0,1.75,0,0.214,-0.055,0
0.0749,0,0,0,0,0.15,1,1.67e-07,0.00284,0.000152,0,-0,1.75,0,0.207,-0.0554,0
0.076,0,0,0,0,0.152,1,1.67e-07,0.00285,0.000148,0,-0,1.74,0,0.201,-0.0557,0
0.0771,0,0,0,0,0.154,1,1.67e-07,0.00285,0.000144,0,-0,1.74,0,0.195,-0.056,0
0.0782,0,0,0,0,0.156,1,1.67e-07,0.00285,0.000139,0,-0,1.74,0,0.189,-0.0563,0
0.0794,0,0,0,0,0.159,1,1.67e-07,0.00285,0.000135,0,-0,1.74,0,0.183,-0.0566,0
0.0806,0,0,0,0,0.161,1,1.67e-07,0.00286,0.00013,0,-0,1.73,0,0.177,-0.0569,0
0.0819,0,0,0,0,0.164,1,1.67e-07,0.00286,0.000125,0,-0,1.73,0,0.171,-0.0571,0
0.0832,0,0,0,0,0.166,1,1.67e-07,0.00286,0.000121,0,-0,1.73,0,0.165,-0.0574,0
0.0845,0,0,0,0,0.169,1,1.67e-07,0.00286,0.000116,0,-0,1.72,0,0.159,-0.0576,0
0.0859,0,0,0,0,0.172,1,1.67e-07,0.00287,0.00011,0,-0,1.72,0,0.153,-0.0579,0
0.0873,0,0,0,0,0.175,1,1.67e-07,0.00287,0.000105,0,-0,1.72,0,0.147,-0.0581,0
0.0888,0,0,0,0,0.178,1,1.67e-07,0.00287,0.0001,0,-0,1.71,0,0.141,-0.0583,0
0.0903,0,0,0,0,0.181,1,1.67e-07,0.00287,9.45e-05,0,-0,1.71,0,0.135,-0.0585,0
0.0918,0,0,0,0,0.184,1,1.67e-07,0.00287,8.9e-05,0,-0,1.7,0,0.129,-0.0587,0
0.0934,0,0,0,0,0.187,1,1.67e-07,0.00287,8.34e-05,0,-0,1.7,0,0.124,-0.0589,0
0.0951,0,0,0,0,0.19,1,1.67e-07,0.00287,7.76e-05,0,-0,1.7,0,0.118,-0.059,0
0.0968,0,0,0,0,0.194,1,1.67e-07,0.00287,7.17e-05,0,-0,1.69,0,0.112,-0.0592,0
0.0986,0,0,0,0,0.197,1,1.67e-07,0.00288,6.57e-05,0,-0,1.69,0,0.106,-0.0593,0
0.1,0,0,0,0,0.201,1,1.67e-07,0.00288,5.96e-05,0,-0,1.69,0,0.1,-0.0595,0
0.102,0,0,0,0,0.204,1,1.67e-07,0.00288,5.34e-05,0,-0,1.68,0,0.0943,-0.0596,0
0.104,0,0,0,0,0.208,1,1.67e-07,0.00287,4.7e-05,0,-0,1.68,0,0.0886,-0.0597,0
0.106,0,0,0,0,0.212,1,1.67e-07,0.00287,4.05e-05,0,-0,1.67,0,0.0828,-0.0598,0
0.108,0,0,0,0,0.216,1,1.67e-07,0.00287,3.39e-05,0,-0,1.67,0,0.0771,-0.0598,0
0.11,0,0,0,0,0.221,1,1.67e-07,0.00287,2.72e-05,0,-0,1.67,0,0.0714,-0.0599,0
0.112,0,0,0,0,0.225,1,1.67e-07,0.00287,2.04e-05,0,-0,1.66,0,0.0657,-0.0599,0
0.115,0,0,0,0,0.229,1,1.67e-07,0.00287,1.34e-05,0,-0,1.66,0,0.0601,-0.06,0
0.117,0,0,0,0,0.234,1,1.67e-07,0.00287,6.32e-06,0,-0,1.65,0,0.0544,-0.06,0
0.119,0,0,0,0,0.239,1,1.67e-07,0.00286,-8.81e-07,0,-0,1.65,0,0.0489,-0.06,0
0.122,0,0,0,0,0.243,1,1.67e-07,0.00286,-8.21e-06,0,-0,1.64,0,0.0433,-0.06,0
0.124,0,0,0,0,0.248,1,1.67e-07,0.00286,-1.57e-05,0,-0,1.64,0,0.0378,-0.06,0
0.127,0,0,0,0,0.254,1,1.67e-07,0.00285,-2.32e-05,0,-0,1.64,0,0.0323,-0.0599,0
0.129,0,0,0,0,0.259,1,1.67e-07,0.00285,-3.09e-05,0,-0,1.63,0,0.0268,-0.0599,0
0.132,0,0,0,0,0.264,1,1.67e-07,0.00284,-3.87e-05,0,-0,1.63,0,0.0214,-0.0598,0
0.135,0,0,0,0,0.27,1,1.67e-07,0.00284,-4.66e-05,0,-0,1.62,0,0.016,-0.0597,0
0.138,0,0,0,0,0.276,1,1.67e-07,0.00283,-5.46e-05,0,-0,1.62,0,0.0106,-0.0596,0
0.141,0,0,0,0,0.282,1,1.67e-07,0.00283,-6.27e-05,0,-0,1.61,0,0.00529,-0.0595,0
0.144,0,0,0,0,0.288,1,1.67e-07,0.00282,-7.09e-05,0,-0,1.61,0,-5.55e-17,-0.0594,0
0.147,0,0,0,0,0.294,1,1.67e-07,0.00281,-7.93e-05,0,-0,1.6,0,-0.00525,-0.0593,0
0.15,0,0,0,0,0.3,1,1.67e-07,0.0028,-8.77e-05,0,-0,1.59,0,-0.0105,-0.0591,0
0.153,0,0,0,0,0.307,1,1.67e-07,0.00279,-9.62e-05,0,-0,1.59,0,-0.0156,-0.0589,0
0.157,0,0,0,0,0.314,1,1.67e-07,0.00278,-0.000105,0,-0,1.58,0,-0.0208,-0.0588,0
0.16,0,0,0,0,0.321,1,1.67e-07,0.00277,-0.000113,0,-0,1.58,0,-0.0259,-0.0586,0
0.164,0,0,0,0,0.328,1,1.67e-07,0.00276,-0.000122,0,-0,1.57,0,-0.0309,-0.0583,0
0.168,0,0,0,0,0.335,1,1.67e-07,0.00275,-0.000131,0,-0,1.56,0,-0.036,-0.0581,0
0.171,0,0,0,0,0.343,1,1.67e-07,0.00274,-0.00014,0,-0,1.56,0,-0.0409,-0.0579,0
0.175,0,0,0,0,0.351,1,1.67e-07,0.00272,-0.000149,0,-0,1.55,0,-0.0459,-0.0576,0
0.179,0,0,0,0,0.359,1,1.67e-07,0.00271,-0.000158,0,-0,1.54,0,-0.0507,-0.0573,0
0.183,0,0,0,0,0.367,1,1.67e-07,0.00269,-0.000167,0,-0,1.54,0,-0.0556,-0.057,0
0.188,0,0,0,0,0.375,1,1.67e-07,0.00268,-0.000176,0,-0,1.53,0,-0.0604,-0.0567,0
0.192,0,0,0,0,0.384,1,1.67e-07,0.00266,-0.000185,0,-0,1.52,0,-0.0651,-0.0564,0
0.196,0,0,0,0,0.393,1,1.67e-07,0.00264,-0.000194,0,-0,1.51,0,-0.0698,-0.0561,0
0.201,0,0,0,0,0.402,1,1.67e-07,0.00262,-0.000203,0,-0,1.5,0,-0.0745,-0.0557,0
0.206,0,0,0,0,0.411,1,1.67e-07,0.0026,-0.000212,0,-0,1.5,0,-0.0791,-0.0554,0
0.21,0,0,0,0,0.421,1,1.67e-07,0.00258,-0.000221,0,-0,1.49,0,-0.0837,-0.055,0
0.215,0,0,0,0,0.431,1,1.67e-07,0.00256,-0.00023,0,-0,1.48,0,-0.0882,-0.0546,0
0.22,0,0,0,0,0.441,1,1.67e-07,0.00253,-0.000238,0,-0,1.47,0,-0.0926,-0.0542,0
0.226,0,0,0,0,0.451,1,1.67e-07,0.0025,-0.000247,0,-0,1.46,0,-0.097,-0.0537,0
0.231,0,0,0,0,0.462,1,1.67e-07,0.00248,-0.000256,0,-0,1.45,0,-0.101,-0.0533,0
0.236,0,0,0,0,0.473,1,1.67e-07,0.00245,-0.000264,0,-0,1.44,0,-0.106,-0.0529,0
0.242,0,0,0,0,0.484,1,1.67e-07,0.00242,-0.000272,0,-0,1.43,0,-0.11,-0.0524,0
0.248,0,0,0,0,0.495,1,1.67e-07,0.00238,-0.00028,0,-0,1.41,0,-0.114,-0.0519,0
0.253,0,0,0,0,0.507,1,1.67e-07,0.00235,-0.000288,0,-0,1.4,0,-0.118,-0.0514,0
0.259,0,0,0,0,0.519,1,1.67e-07,0.00231,-0.000296,0,-0,1.39,0,-0.122,-0.0509,0
0.265,0,0,0,0,0.531,1,1.67e-07,0.00228,-0.000303,0,-0,1.38,0,-0.126,-0.0504,0
0.272,0,0,0,0,0.544,1,1.67e-07,0.00224,-0.00031,0,-0,1.36,0,-0.13,-0.0498,0
0.278,0,0,0,0,0.556,1,1.67e-07,0.0022,-0.000316,0,-0,1.35,0,-0.134,-0.0493,0
0.285,0,0,0,0,0.569,1,1.67e-07,0.00215,-0.000322,0,-0,1.33,0,-0.138,-0.0487,0
0.291,0,0,0,0,0.583,1,1.67e-07,0.00211,-0.000328,0,-0,1.32,0,-0.142,-0.0481,0
0.298,0,0,0,0,0.597,1,1.67e-07,0.00206,-0.000333,0,-0,1.3,0,-0.146,-0.0475,0
0.305,0,0,0,0,0.61,1,1.67e-07,0.00201,-0.000338,0,-0,1.29,0,-0.149,-0.0469,0
0.312,0,0,0,0,0.625,1,1.67e-07,0.00196,-0.000342,0,-0,1.27,0,-0.153,-0.0463,0
0.32,0,0,0,0,0.639,1,1.67e-07,0.00191,-0.000345,0,-0,1.25,0,-0.157,-0.0457,0
0.327,0,0,0,0,0.654,1,1.67e-07,0.00185,-0.000348,0,-0,1.23,0,-0.16,-0.045,0
0.335,0,0,0,0,0.669,1,1.67e-07,0.0018,-0.00035,0,-0,1.21,0,-0.164,-0.0444,0
0.342,0,0,0,0,0.685,1,1.67e-07,0.00174,-0.000351,0,-0,1.19,0,-0.167,-0.0437,0
0.35,0,0,0,0,0.7,1,1.67e-07,0.00168,-0.000352,0,-0,1.17,0,-0.17,-0.043,0
0.358,0,0,0,0,0.716,1,1.67e-07,0.00162,-0.000352,0,-0,1.15,0,-0.174,-0.0423,0
0.366,0,0,0,0,0.732,1,1.67e-07,0.00156,-0.000352,0,-0,1.13,0,-0.177,-0.0416,0
0.374,0,0,0,0,0.749,1,1.67e-07,0.0015,-0.000351,0,-0,1.1,0,-0.18,-0.0409,0
0.383,0,0,0,0,0.765,1,1.67e-07,0.00144,-0.00035,0,-0,1.08,0,-0.183,-0.0401,0
0.391,0,0,0,0,0.782,1,1.67e-07,0.00139,-0.000349,0,-0,1.06,0,-0.186,-0.0394,0
0.399,0,0,0,0,0.799,1,1.67e-07,0.00133,-0.000348,0,-0,1.04,0,-0.189,-0.0386,0
0.408,0,0,0,0,0.815,1,1.67e-07,0.00128,-0.000346,0,-0,1.02,0,-0.192,-0.0379,0
0.416,0,0,0,0,0.832,1,1.67e-07,0.00123,-0.000345,0,-0,0.997,0,-0.195,-0.0371,0
0.425,0,0,0,0,0.849,1,1.67e-07,0.00118,-0.000343,0,-0,0.977,0,-0.197,-0.0363,0
0.433,0,0,0,0,0.866,1,1.67e-07,0.00112,-0.000341,0,-0,0.956,0,-0.2,-0.0355,0
0.441,0,0,0,0,0.883,1,1.67e-07,0.00107,-0.000338,0,-0,0.934,0,-0.203,-0.0347,0
0.449,0,0,0,0,0.899,1,1.67e-07,0.00102,-0.000334,0,-0,0.911,0,-0.205,-0.0339,0
0.457,0,0,0,0,0.915,1,1.67e-07,0.000961,-0.000328,0,-0,0.885,0,-0.208,-0.0331,0
0.465,0,0,0,0,0.93,1,1.67e-07,0.000899,-0.000319,0,-0,0.857,0,-0.21,-0.0322,0
0.472,0,0,0,0,0.944,1,1.67e-07,0.00083,-0.000307,0,-0,0.825,0,-0.213,-0.0314,0
0.479,0,0,0,0,0.958,1,1.67e-07,0.000753,-0.00029,0,-0,0.787,0,-0.215,-0.0305,0
0.485,0,0,0,0,0.97,1,1.67e-07,0.000667,-0.000268,0,-0,0.742,0,-0.217,-0.0296,0
0.49,0,0,0,0,0.981,1,1.67e-07,0.000569,-0.000239,0,-0,0.687,0,-0.219,-0.0288,0
0.495,0,0,0,0,0.99,1,1.67e-07,0.000458,-0.000201,0,-0,0.618,0,-0.221,-0.0279,0
0.498,0,0,0,0,0.996,1,1.67e-07,0.000331,-0.000152,0,-0,0.527,0,-0.223,-0.027,0
0.5,0,0,0,0,1,1,1.67e-07,0.000188,-8.99e-05,0,-0,0.398,0,-0.225,-0.0261,0
0.5,0,0,0,0,1,1,1.67e-07,2.43e-05,-1.22e-05,0,-0,0.144,0,-0.227,-0.0252,0
0.499,0,0,0,0,0.997,1,1.67e-07,-0.000161,8.47e-05,0,-0,0.371,0,-0.229,-0.0242,0
0.495,0,0,0,0,0.989,1,1.67e-07,-0.00037,0.000205,0,-0,0.566,0,-0.231,-0.0233,0
0.488,0,0,0,0,0.975,1,1.67e-07,-0.000607,0.000354,0,-0,0.728,0,-0.232,-0.0224,0
0.477,0,0,0,0,0.955,1,1.67e-07,-0.000874,0.000538,0,-0,0.879,0,-0.234,-0.0214,0
0.463,0,0,0,0,0.926,1,1.67e-07,-0.00117,0.000764,0,-0,1.03,0,-0.235,-0.0205,0
0.444,0,0,0,0,0.888,1,1.67e-07,-0.00151,0.00104,0,-0,1.17,0,-0.237,-0.0195,0
0.42,0,0,0,0,0.839,1,1.67e-07,-0.00188,0.00138,0,-0,1.32,0,-0.238,-0.0185,0
0.389,0,0,0,0,0.777,1,1.67e-07,-0.00229,0.00179,0,-0,1.47,0,-0.239,-0.0176,0
0.35,0,0,0,0,0.7,1,1.67e-07,-0.00273,0.00228,0,-0,1.63,0,-0.241,-0.0166,0
0.303,0,0,0,0,0.606,1,1.67e-07,-0.00321,0.00288,0,-0,1.79,0,-0.242,-0.0156,0
0.246,0,0,0,0,0.492,1,1.67e-07,-0.00371,0.00359,0,-0,1.96,0,-0.243,-0.0146,0
0.177,0,0,0,0,0.354,1,1.67e-07,-0.00422,0.00443,0,-0,2.13,0,-0.244,-0.0136,0
0.0959,0,0,0,0,0.192,1,1.67e-07,-0.00474,0.00541,0,-0,2.3,0,-0.245,-0.0126,0
0.000598,0,0,0,0,0.0012,1,1.67e-07,-0.00524,0.00656,0,-0,2.49,0,-0.246,-0.0116,0
-0.11,0,0,0,0,-0.22,1,1.67e-07,-0.00569,0.00788,0,-0,2.67,0,-0.246,-0.0106,0
-0.236,0,0,0,0,-0.473,1,1.67e-07,-0.00606,0.00939,0,-0,2.86,0,-0.247,-0.00953,0
-0.379,0,0,0,0,-0.759,1,1.67e-07,-0.00632,0.0111,0,-0,3.05,0,-0.248,-0.00849,0
-0.538,0,0,0,0,-1.08,1,1.67e-07,-0.00643,0.013,0,-0,3.25,0,-0.248,-0.00745,0
-0.712,0,0,0,0,-1.42,1,1.67e-07,-0.00636,0.015,0,-0,3.44,0,-0.249,-0.0064,0
-0.899,0,0,0,0,-1.8,1,1.67e-07,-0.00605,0.0172,0,-0,3.64,0,-0.249,-0.00535,0
-1.1,0,0,0,0,-2.19,1,1.67e-07,-0.00546,0.0196,0,-0,3.83,0,-0.249,-0.00429,0
-1.3,0,0,0,0,-2.59,1,1.67e-07,-0.00456,0.0219,0,-0,4.02,0,-0.25,-0.00323,0
-1.5,0,0,0,0,-3,1,1.67e-07,-0.00333,0.0241,0,-0,4.19,0,-0.25,-0.00216,0
-1.7,0,0,0,0,-3.4,1,1.67e-07,-0.00179,0.026,0,-0,4.33,0,-0.25,-0.00108,0
-1.89,0,0,0,0,-3.79,1,1.67e-07,0,0.0276,0,-0,4.46,0,-0.25,1.67e-17,0
-2.08,0,0,0,0,-4.16,1,1.67e-07,0.00203,0.0295,0,-0,4.61,0,-0.25,0.00108,0
-2.25,0,0,0,0,-4.5,1,1.67e-07,0.00428,0.031,0,-0,4.75,0,-0.25,0.00216,0
-2.4,0,0,0,0,-4.8,1,1.67e-07,0.00664,0.0319,0,-0,4.85,0,-0.25,0.00323,0
-2.53,0,0,0,0,-5.05,1,1.67e-07,0.00899,0.0322,0,-0,4.92,0,-0.249,0.00429,0
-2.62,0,0,0,0,-5.25,1,1.67e-07,0.0112,0.0319,0,-0,4.95,0,-0.249,0.00535,0
-2.69,0,0,0,0,-5.39,1,1.67e-07,0.0132,0.0312,0,-0,4.96,0,-0.249,0.0064,0
-2.74,0,0,0,0,-5.47,1,1.67e-07,0.0149,0.0299,0,-0,4.93,0,-0.248,0.00745,0
-2.76,0,0,0,0,-5.51,1,1.67e-07,0.0162,0.0284,0,-0,4.88,0,-0.248,0.00849,0
-2.76,0,0,0,0,-5.51,1,1.67e-07,0.0172,0.0266,0,-0,4.82,0,-0.247,0.00953,0
-2.74,0,0,0,0,-5.48,1,1.67e-07,0.0179,0.0248,0,-0,4.74,0,-0.246,0.0106,0
-2.71,0,0,0,0,-5.41,1,1.67e-07,0.0183,0.0229,0,-0,4.64,0,-0.246,0.0116,0
-2.66,0,0,0,0,-5.32,1,1.67e-07,0.0184,0.0211,0,-0,4.54,0,-0.245,0.0126,0
-2.61,0,0,0,0,-5.22,1,1.67e-07,0.0184,0.0193,0,-0,4.44,0,-0.244,0.0136,0
-2.55,0,0,0,0,-5.1,1,1.67e-07,0.0182,0.0176,0,-0,4.34,0,-0.243,0.0146,0
-2.49,0,0,0,0,-4.97,1,1.67e-07,0.0179,0.0161,0,-0,4.23,0,-0.242,0.0156,0
-2.42,0,0,0,0,-4.84,1,1.67e-07,0.0176,0.0147,0,-0,4.13,0,-0.241,0.0166,0
-2.36,0,0,0,0,-4.71,1,1.67e-07,0.0171,0.0134,0,-0,4.03,0,-0.239,0.0176,0
-2.29,0,0,0,0,-4.58,1,1.67e-07,0.0167,0.0122,0,-0,3.93,0,-0.238,0.0185,0
-2.22,0,0,0,0,-4.44,1,1.67e-07,0.0162,0.0112,0,-0,3.84,0,-0.237,0.0195,0
-2.16,0,0,0,0,-4.31,1,1.67e-07,0.0157,0.0102,0,-0,3.75,0,-0.235,0.0205,0
-2.09,0,0,0,0,-4.19,1,1.67e-07,0.0152,0.00939,0,-0,3.67,0,-0.234,0.0214,0
-2.03,0,0,0,0,-4.06,1,1.67e-07,0.0148,0.00862,0,-0,3.59,0,-0.232,0.0224,0
-1.97,0,0,0,0,-3.94,1,1.67e-07,0.0143,0.00793,0,-0,3.51,0,-0.231,0.0233,0
-1.91,0,0,0,0,-3.83,1,1.67e-07,0.0139,0.00731,0,-0,3.44,0,-0.229,0.0242,0
-1.86,0,0,0,0,-3.72,1,1.67e-07,0.0134,0.00675,0,-0,3.38,0,-0.227,0.0252,0
-1.8,0,0,0,0,-3.61,1,1.67e-07,0.013,0.00624,0,-0,3.31,0,-0.225,0.0261,0
-1.75,0,0,0,0,-3.51,1,1.67e-07,0.0126,0.00578,0,-0,3.25,0,-0.223,0.027,0
-1.7,0,0,0,0,-3.41,1,1.67e-07,0.0123,0.00537,0,-0,3.2,0,-0.221,0.0279,0
-1.66,0,0,0,0,-3.32,1,1.67e-07,0.0119,0.00499,0,-0,3.14,0,-0.219,0.0288,0
-1.61,0,0,0,0,-3.23,1,1.67e-07,0.0116,0.00465,0,-0,3.09,0,-0.217,0.0296,0
-1.57,0,0,0,0,-3.14,1,1.67e-07,0.0113,0.00434,0,-0,3.04,0,-0.215,0.0305,0
-1.53,0,0,0,0,-3.06,1,1.67e-07,0.011,0.00405,0,-0,3,0,-0.213,0.0314,0
-1.49,0,0,0,0,-2.98,1,1.67e-07,0.0107,0.00379,0,-0,2.96,0,-0.21,0.0322,0
-1.45,0,0,0,0,-2.9,1,1.67e-07,0.0104,0.00355,0,-0,2.91,0,-0.208,0.0331,0
-1.42,0,0,0,0,-2.83,1,1.67e-07,0.0102,0.00333,0,-0,2.88,0,-0.205,0.0339,0
-1.38,0,0,0,0,-2.76,1,1.67e-07,0.00992,0.00313,0,-0,2.84,0,-0.203,0.0347,0
-1.35,0,0,0,0,-2.7,1,1.67e-07,0.00969,0.00294,0,-0,2.8,0,-0.2,0.0355,0
-1.32,0,0,0,0,-2.63,1,1.67e-07,0.00947,0.00276,0,-0,2.77,0,-0.197,0.0363,0
-1.29,0,0,0,0,-2.57,1,1.67e-07,0.00926,0.0026,0,-0,2.74,0,-0.195,0.0371,0
-1.26,0,0,0,0,-2.51,1,1.67e-07,0.00906,0.00245,0,-0,2.71,0,-0.192,0.0379,0
-1.23,0,0,0,0,-2.46,1,1.67e-07,0.00887,0.00231,0,-0,2.68,0,-0.189,0.0386,0
-1.2,0,0,0,0,-2.4,1,1.67e-07,0.00869,0.00219,0,-0,2.65,0,-0.186,0.0394,0
-1.18,0,0,0,0,-2.35,1,1.67e-07,0.00851,0.00206,0,-0,2.63,0,-0.183,0.0401,0
-1.15,0,0,0,0,-2.3,1,1.67e-07,0.00835,0.00195,0,-0,2.6,0,-0.18,0.0409,0
-1.13,0,0,0,0,-2.25,1,1.67e-07,0.00819,0.00185,0,-0,2.58,0,-0.177,0.0416,0
-1.1,0,0,0,0,-2.21,1,1.67e-07,0.00804,0.00175,0,-0,2.56,0,-0.174,0.0423,0
-1.08,0,0,0,0,-2.16,1,1.67e-07,0.00789,0.00165,0,-0,2.53,0,-0.17,0.043,0
-1.06,0,0,0,0,-2.12,1,1.67e-07,0.00775,0.00156,0,-0,2.51,0,-0.167,0.0437,0
-1.04,0,0,0,0,-2.08,1,1.67e-07,0.00761,0.00148,0,-0,2.49,0,-0.164,0.0444,0
-1.02,0,0,0,0,-2.04,1,1.67e-07,0.00748,0.0014,0,-0,2.47,0,-0.16,0.045,0
-0.999,0,0,0,0,-2,1,1.67e-07,0.00736,0.00133,0,-0,2.45,0,-0.157,0.0457,0
-0.98,0,0,0,0,-1.96,1,1.67e-07,0.00723,0.00126,0,-0,2.44,0,-0.153,0.0463,0
-0.961,0,0,0,0,-1.92,1,1.67e-07,0.00712,0.00119,0,-0,2.42,0,-0.149,0.0469,0
-0.944,0,0,0,0,-1.89,1,1.67e-07,0.007,0.00113,0,-0,2.4,0,-0.146,0.0475,0
-0.926,0,0,0,0,-1.85,1,1.67e-07,0.00689,0.00107,0,-0,2.38,0,-0.142,0.0481,0
-0.91,0,0,0,0,-1.82,1,1.67e-07,0.00679,0.00102,0,-0,2.37,0,-0.138,0.0487,0
-0.893,0,0,0,0,-1.79,1,1.67e-07,0.00669,0.000962,0,-0,2.35,0,-0.134,0.0493,0
-0.878,0,0,0,0,-1.76,1,1.67e-07,0.00659,0.000911,0,-0,2.34,0,-0.13,0.0498,0
-0.862,0,0,0,0,-1.72,1,1.67e-07,0.00649,0.000863,0,-0,2.32,0,-0.126,0.0504,0
-0.847,0,0,0,0,-1.69,1,1.67e-07,0.00639,0.000817,0,-0,2.31,0,-0.122,0.0509,0
-0.833,0,0,0,0,-1.67,1,1.67e-07,0.0063,0.000773,0,-0,2.3,0,-0.118,0.0514,0
-0.818,0,0,0,0,-1.64,1,1.67e-07,0.00621,0.00073,0,-0,2.28,0,-0.114,0.0519,0
-0.805,0,0,0,0,-1.61,1,1.67e-07,0.00613,0.00069,0,-0,2.27,0,-0.11,0.0524,0
-0.791,0,0,0,0,-1.58,1,1.67e-07,0.00604,0.000652,0,-0,2.26,0,-0.106,0.0529,0
-0.778,0,0,0,0,-1.56,1,1.67e-07,0.00596,0.000615,0,-0,2.25,0,-0.101,0.0533,0
-0.765,0,0,0,0,-1.53,1,1.67e-07,0.00588,0.00058,0,-0,2.23,0,-0.097,0.0537,0
-0.752,0,0,0,0,-1.5,1,1.67e-07,0.0058,0.000547,0,-0,2.22,0,-0.0926,0.0542,0
-0.74,0,0,0,0,-1.48,1,1.67e-07,0.00572,0.000514,0,-0,2.21,0,-0.0882,0.0546,0
-0.728,0,0,0,0,-1.46,1,1.67e-07,0.00565,0.000484,0,-0,2.2,0,-0.0837,0.055,0
-0.716,0,0,0,0,-1.43,1,1.67e-07,0.00557,0.000454,0,-0,2.19,0,-0.0791,0.0554,0
-0.705,0,0,0,0,-1.41,1,1.67e-07,0.0055,0.000426,0,-0,2.18,0,-0.0745,0.0557,0
-0.694,0,0,0,0,-1.39,1,1.67e-07,0.00543,0.000399,0,-0,2.17,0,-0.0698,0.0561,0
-0.683,0,0,0,0,-1.37,1,1.67e-07,0.00536,0.000373,0,-0,2.16,0,-0.0651,0.0564,0
-0.672,0,0,0,0,-1.34,1,1.67e-07,0.0053,0.000348,0,-0,2.15,0,-0.0604,0.0567,0
-0.661,0,0,0,0,-1.32,1,1.67e-07,0.00523,0.000324,0,-0,2.14,0,-0.0556,0.057,0
-0.651,0,0,0,0,-1.3,1,1.67e-07,0.00516,0.000301,0,-0,2.13,0,-0.0507,0.0573,0
-0.641,0,0,0,0,-1.28,1,1.67e-07,0.0051,0.000279,0,-0,2.12,0,-0.0459,0.0576,0
-0.631,0,0,0,0,-1.26,1,1.67e-07,0.00504,0.000257,0,-0,2.11,0,-0.0409,0.0579,0
-0.621,0,0,0,0,-1.24,1,1.67e-07,0.00498,0.000237,0,-0,2.1,0,-0.036,0.0581,0
-0.611,0,0,0,0,-1.22,1,1.67e-07,0.00492,0.000217,0,-0,2.09,0,-0.0309,0.0583,0
-0.602,0,0,0,0,-1.2,1,1.67e-07,0.00486,0.000199,0,-0,2.09,0,-0.0259,0.0586,0
-0.592,0,0,0,0,-1.18,1,1.67e-07,0.0048,0.000181,0,-0,2.08,0,-0.0208,0.0588,0
-0.583,0,0,0,0,-1.17,1,1.67e-07,0.00474,0.000163,0,-0,2.07,0,-0.0156,0.0589,0
-0.574,0,0,0,0,-1.15,1,1.67e-07,0.00469,0.000147,0,-0,2.06,0,-0.0105,0.0591,0
-0.565,0,0,0,0,-1.13,1,1.67e-07,0.00463,0.000131,0,-0,2.05,0,-0.00525,0.0593,0
-0.557,0,0,0,0,-1.11,1,1.67e-07,0.00458,0.000115,0,-0,2.05,0,-5.55e-17,0.0594,0
-0.548,0,0,0,0,-1.1,1,1.67e-07,0.00452,0.0001,0,-0,2.04,0,0.00529,0.0595,0
-0.54,0,0,0,0,-1.08,1,1.67e-07,0.00447,8.61e-05,0,-0,2.03,0,0.0106,0.0596,0
-0.531,0,0,0,0,-1.06,1,1.67e-07,0.00442,7.25e-05,0,-0,2.02,0,0.016,0.0597,0
-0.523,0,0,0,0,-1.05,1,1.67e-07,0.00437,5.94e-05,0,-0,2.01,0,0.0214,0.0598,0
-0.515,0,0,0,0,-1.03,1,1.67e-07,0.00432,4.68e-05,0,-0,2.01,0,0.0268,0.0599,0
-0.507,0,0,0,0,-1.01,1,1.67e-07,0.00427,3.47e-05,0,-0,2,0,0.0323,0.0599,0
-0.499,0,0,0,0,-0.999,1,1.67e-07,0.00422,2.31e-05,0,-0,1.99,0,0.0378,0.06,0
-0.492,0,0,0,0,-0.983,1,1.67e-07,0.00417,1.2e-05,0,-0,1.99,0,0.0433,0.06,0
-0.484,0,0,0,0,-0.968,1,1.67e-07,0.00412,1.27e-06,0,-0,1.98,0,0.0489,0.06,0
-0.477,0,0,0,0,-0.953,1,1.67e-07,0.00407,-8.99e-06,0,-0,1.97,0,0.0544,0.06,0
-0.469,0,0,0,0,-0.938,1,1.67e-07,0.00403,-1.88e-05,0,-0,1.96,0,0.0601,0.06,0
-0.462,0,0,0,0,-0.924,1,1.67e-07,0.00398,-2.83e-05,0,-0,1.96,0,0.0657,0.0599,0
-0.455,0,0,0,0,-0.91,1,1.67e-07,0.00394,-3.73e-05,0,-0,1.95,0,0.0714,0.0599,0
-0.448,0,0,0,0,-0.895,1,1.67e-07,0.00389,-4.6e-05,0,-0,1.94,0,0.0771,0.0598,0
-0.441,0,0,0,0,-0.881,1,1.67e-07,0.00385,-5.43e-05,0,-0,1.94,0,0.0828,0.0598,0
-0.434,0,0,0,0,-0.868,1,1.67e-07,0.00381,-6.23e-05,0,-0,1.93,0,0.0886,0.0597,0
-0.427,0,0,0,0,-0.854,1,1.67e-07,0.00376,-6.99e-05,0,-0,1.92,0,0.0943,0.0596,0
-0.42,0,0,0,0,-0.841,1,1.67e-07,0.00372,-7.72e-05,0,-0,1.92,0,0.1,0.0595,0
-0.414,0,0,0,0,-0.827,1,1.67e-07,0.00368,-8.41e-05,0,-0,1.91,0,0.106,0.0593,0
-0.407,0,0,0,0,-0.814,1,1.67e-07,0.00364,-9.08e-05,0,-0,1.91,0,0.112,0.0592,0
-0.401,0,0,0,0,-0.801,1,1.67e-07,0.0036,-9.72e-05,0,-0,1.9,0,0.118,0.059,0
-0.394,0,0,0,0,-0.789,1,1.67e-07,0.00356,-0.000103,0,-0,1.89,0,0.124,0.0589,0
-0.388,0,0,0,0,-0.776,1,1.67e-07,0.00352,-0.000109,0,-0,1.89,0,0.129,0.0587,0
-0.382,0,0,0,0,-0.764,1,1.67e-07,0.00348,-0.000115,0,-0,1.88,0,0.135,0.0585,0
-0.376,0,0,0,0,-0.751,1,1.67e-07,0.00344,-0.00012,0,-0,1.88,0,0.141,0.0583,0
-0.37,0,0,0,0,-0.739,1,1.67e-07,0.00341,-0.000125,0,-0,1.87,0,0.147,0.0581,0
-0.364,0,0,0,0,-0.727,1,1.67e-07,0.00337,-0.00013,0,-0,1.86,0,0.153,0.0579,0
-0.358,0,0,0,0,-0.716,1,1.67e-07,0.00333,-0.000134,0,-0,1.86,0,0.159,0.0576,0
-0.352,0,0,0,0,-0.704,1,1.67e-07,0.0033,-0.000139,0,-0,1.85,0,0.165,0.0574,0
-0.346,0,0,0,0,-0.692,1,1.67e-07,0.00326,-0.000143,0,-0,1.85,0,0.171,0.0571,0
-0.34,0,0,0,0,-0.681,1,1.67e-07,0.00322,-0.000147,0,-0,1.84,0,0.177,0.0569,0
-0.335,0,0,0,0,-0.67,1,1.67e-07,0.00319,-0.000151,0,-0,1.83,0,0.183,0.0566,0
-0.329,0,0,0,0,-0.658,1,1.67e-07,0.00315,-0.000154,0,-0,1.83,0,0.189,0.0563,0
-0.324,0,0,0,0,-0.647,1,1.67e-07,0.00312,-0.000158,0,-0,1.82,0,0.195,0.056,0
-0.318,0,0,0,0,-0.637,1,1.67e-07,0.00309,-0.000161,0,-0,1.82,0,0.201,0.0557,0
-0.313,0,0,0,0,-0.626,1,1.67e-07,0.00305,-0.000164,0,-0,1.81,0,0.207,0.0554,0
-0.308,0,0,0,0,-0.615,1,1.67e-07,0.00302,-0.000167,0,-0,1.81,0,0.214,0.055,0
-0.302,0,0,0,0,-0.605,1,1.67e-07,0.00299,-0.000169,0,-0,1.8,0,0.22,0.0547,0
-0.297,0,0,0,0,-0.594,1,1.67e-07,0.00296,-0.000172,0,-0,1.8,0,0.226,0.0543,0
-0.292,0,0,0,0,-0.584,1,1.67e-07,0.00292,-0.000174,0,-0,1.79,0,0.232,0.054,0
-0.287,0,0,0,0,-0.574,1,1.67e-07,0.00289,-0.000176,0,-0,1.78,0,0.238,0.0536,0
-0.282,0,0,0,0,-0.564,1,1.67e-07,0.00286,-0.000179,0,-0,1.78,0,0.244,0.0532,0
-0.277,0,0,0,0,-0.554,1,1.67e-07,0.00283,-0.00018,0,-0,1.77,0,0.25,0.0529,0
-0.272,0,0,0,0,-0.544,1,1.67e-07,0.0028,-0.000182,0,-0,1.77,0,0.256,0.0525,0
-0.267,0,0,0,0,-0.534,1,1.67e-07,0.00277,-0.000184,0,-0,1.76,0,0.262,0.0521,0
-0.262,0,0,0,0,-0.525,1,1.67e-07,0.00274,-0.000186,0,-0,1.76,0,0.268,0.0517,0
-0.258,0,0,0,0,-0.515,1,1.67e-07,0.00271,-0.000187,0,-0,1.75,0,0.274,0.0512,0
-0.253,0,0,0,0,-0.506,1,1.67e-07,0.00268,-0.000188,0,-0,1.75,0,0.28,0.0508,0
-0.248,0,0,0,0,-0.496,1,1.67e-07,0.00265,-0.00019,0,-0,1.74,0,0.286,0.0504,0
-0.243,0,0,0,0,-0.487,1,1.67e-07,0.00263,-0.000191,0,-0,1.74,0,0.293,0.05,0
-0.239,0,0,0,0,-0.478,1,1.67e-07,0.0026,-0.000192,0,-0,1.73,0,0.299,0.0495,0
-0.234,0,0,0,0,-0.469,1,1.67e-07,0.00257,-0.000193,0,-0,1.73,0,0.305,0.0491,0
-0.23,0,0,0,0,-0.46,1,1.67e-07,0.00254,-0.000194,0,-0,1.72,0,0.311,0.0486,0
-0.225,0,0,0,0,-0.451,1,1.67e-07,0.00251,-0.000194,0,-0,1.72,0,0.317,0.0481,0
-0.221,0,0,0,0,-0.442,1,1.67e-07,0.00249,-0.000195,0,-0,1.71,0,0.323,0.0477,0
-0.217,0,0,0,0,-0.433,1,1.67e-07,0.00246,-0.000196,0,-0,1.71,0,0.329,0.0472,0
-0.212,0,0,0,0,-0.425,1,1.67e-07,0.00243,-0.000196,0,-0,1.7,0,0.335,0.0467,0
-0.208,0,0,0,0,-0.416,1,1.67e-07,0.00241,-0.000197,0,-0,1.69,0,0.341,0.0462,0
-0.204,0,0,0,0,-0.408,1,1.67e-07,0.00238,-0.000197,0,-0,1.69,0,0.347,0.0457,0
-0.2,0,0,0,0,-0.399,1,1.67e-07,0.00236,-0.000197,0,-0,1.68,0,0.353,0.0452,0
-0.195,0,0,0,0,-0.391,1,1.67e-07,0.00233,-0.000197,0,-0,1.68,0,0.359,0.0447,0
-0.191,0,0,0,0,-0.382,1,1.67e-07,0.0023,-0.000197,0,-0,1.67,0,0.365,0.0442,0
-0.187,0,0,0,0,-0.374,1,1.67e-07,0.00228,-0.000198,0,-0,1.67,0,0.371,0.0437,0
-0.183,0,0,0,0,-0.366,1,1.67e-07,0.00225,-0.000198,0,-0,1.66,0,0.376,0.0432,0
-0.179,0,0,0,0,-0.358,1,1.67e-07,0.00223,-0.000197,0,-0,1.66,0,0.382,0.0427,0
-0.175,0,0,0,0,-0.35,1,1.67e-07,0.0022,-0.000197,0,-0,1.65,0,0.388,0.0422,0
-0.171,0,0,0,0,-0.342,1,1.67e-07,0.00218,-0.000197,0,-0,1.65,0,0.394,0.0416,0
-0.167,0,0,0,0,-0.334,1,1.67e-07,0.00215,-0.000197,0,-0,1.64,0,0.4,0.0411,0
-0.163,0,0,0,0,-0.326,1,1.67e-07,0.00213,-0.000196,0,-0,1.63,0,0.406,0.0406,0
-0.159,0,0,0,0,-0.319,1,1.67e-07,0.0021,-0.000196,0,-0,1.63,0,0.411,0.04,0
-0.155,0,0,0,0,-0.311,1,1.67e-07,0.00208,-0.000196,0,-0,1.62,0,0.417,0.0395,0
-0.152,0,0,0,0,-0.303,1,1.67e-07,0.00205,-0.000195,0,-0,1.62,0,0.423,0.039,0
-0.148,0,0,0,0,-0.296,1,1.67e-07,0.00203,-0.000195,0,-0,1.61,0,0.429,0.0384,0
-0.144,0,0,0,0,-0.288,1,1.67e-07,0.00201,-0.000194,0,-0,1.6,0,0.434,0.0379,0
-0.14,0,0,0,0,-0.281,1,1.67e-07,0.00198,-0.000193,0,-0,1.6,0,0.44,0.0373,0
-0.137,0,0,0,0,-0.273,1,1.67e-07,0.00196,-0.000193,0,-0,1.59,0,0.446,0.0368,0
-0.133,0,0,0,0,-0.266,1,1.67e-07,0.00193,-0.000192,0,-0,1.59,0,0.451,0.0362,0
-0.129,0,0,0,0,-0.258,1,1.67e-07,0.00191,-0.000191,0,-0,1.58,0,0.457,0.0357,0
-0.125,0,0,0,0,-0.251,1,1.67e-07,0.00189,-0.00019,0,-0,1.57,0,0.462,0.0351,0
-0.122,0,0,0,0,-0.244,1,1.67e-07,0.00186,-0.000189,0,-0,1.57,0,0.468,0.0346,0
-0.118,0,0,0,0,-0.236,1,1.67e-07,0.00184,-0.000188,0,-0,1.56,0,0.473,0.034,0
-0.115,0,0,0,0,-0.229,1,1.67e-07,0.00181,-0.000187,0,-0,1.55,0,0.479,0.0334,0
-0.111,0,0,0,0,-0.222,1,1.67e-07,0.00179,-0.000186,0,-0,1.55,0,0.484,0.0329,0
-0.107,0,0,0,0,-0.215,1,1.67e-07,0.00177,-0.000185,0,-0,1.54,0,0.489,0.0323,0
-0.104,0,0,0,0,-0.208,1,1.67e-07,0.00174,-0.000184,0,-0,1.53,0,0.495,0.0318,0
-0.1,0,0,0,0,-0.201,1,1.67e-07,0.00172,-0.000182,0,-0,1.52,0,0.5,0.0312,0
-0.0969,0,0,0,0,-0.194,1,1.67e-07,0.00169,-0.000181,0,-0,1.52,0,0.505,0.0306,0
-0.0934,0,0,0,0,-0.187,1,1.67e-07,0.00167,-0.00018,0,-0,1.51,0,0.51,0.0301,0
-0.0899,0,0,0,0,-0.18,1,1.67e-07,0.00165,-0.000178,0,-0,1.5,0,0.516,0.0295,0
-0.0864,0,0,0,0,-0.173,1,1.67e-07,0.00162,-0.000177,0,-0,1.49,0,0.521,0.029,0
-0.083,0,0,0,0,-0.166,1,1.67e-07,0.0016,-0.000176,0,-0,1.48,0,0.526,0.0284,0
-0.0795,0,0,0,0,-0.159,1,1.67e-07,0.00157,-0.000174,0,-0,1.48,0,0.531,0.0278,0
-0.0761,0,0,0,0,-0.152,1,1.67e-07,0.00155,-0.000172,0,-0,1.47,0,0.536,0.0273,0
-0.0727,0,0,0,0,-0.145,1,1.67e-07,0.00152,-0.000171,0,-0,1.46,0,0.541,0.0267,0
-0.0693,0,0,0,0,-0.139,1,1.67e-07,0.0015,-0.000169,0,-0,1.45,0,0.546,0.0262,0
-0.0659,0,0,0,0,-0.132,1,1.67e-07,0.00148,-0.000167,0,-0,1.44,0,0.551,0.0256,0
-0.0626,0,0,0,0,-0.125,1,1.67e-07,0.00145,-0.000166,0,-0,1.43,0,0.556,0.0251,0
-0.0592,0,0,0,0,-0.118,1,1.67e-07,0.00143,-0.000164,0,-0,1.42,0,0.56,0.0245,0
-0.0559,0,0,0,0,-0.112,1,1.67e-07,0.0014,-0.000162,0,-0,1.41,0,0.565,0.024,0
-0.0525,0,0,0,0,-0.105,1,1.67e-07,0.00138,-0.00016,0,-0,1.4,0,0.57,0.0234,0
-0.0492,0,0,0,0,-0.0984,1,1.67e-07,0.00135,-0.000158,0,-0,1.39,0,0.574,0.0229,0
-0.0459,0,0,0,0,-0.0918,1,1.67e-07,0.00133,-0.000156,0,-0,1.38,0,0.579,0.0224,0
-0.0426,0,0,0,0,-0.0853,1,1.67e-07,0.0013,-0.000154,0,-0,1.37,0,0.584,0.0218,0
-0.0394,0,0,0,0,-0.0787,1,1.67e-07,0.00128,-0.000152,0,-0,1.36,0,0.588,0.0213,0
-0.0361,0,0,0,0,-0.0722,1,1.67e-07,0.00125,-0.00015,0,-0,1.35,0,0.593,0.0208,0
-0.0329,0,0,0,0,-0.0657,1,1.67e-07,0.00123,-0.000147,0,-0,1.33,0,0.597,0.0202,0
-0.0296,0,0,0,0,-0.0593,1,1.67e-07,0.0012,-0.000145,0,-0,1.32,0,0.601,0.0197,0
-0.0264,0,0,0,0,-0.0529,1,1.67e-07,0.00118,-0.000143,0,-0,1.31,0,0.606,0.0192,0
-0.0232,0,0,0,0,-0.0465,1,1.67e-07,0.00115,-0.00014,0,-0,1.3,0,0.61,0.0187,0
-0.0201,0,0,0,0,-0.0401,1,1.67e-07,0.00112,-0.000138,0,-0,1.28,0,0.614,0.0181,0
-0.0169,0,0,0,0,-0.0338,1,1.67e-07,0.0011,-0.000136,0,-0,1.27,0,0.618,0.0176,0
-0.0138,0,0,0,0,-0.0276,1,1.67e-07,0.00107,-0.000133,0,-0,1.26,0,0.622,0.0171,0
-0.0107,0,0,0,0,-0.0213,1,1.67e-07,0.00105,-0.000131,0,-0,1.24,0,0.626,0.0166,0
-0.00758,0,0,0,0,-0.0152,1,1.67e-07,0.00102,-0.000128,0,-0,1.23,0,0.63,0.0161,0
-0.00451,0,0,0,0,-0.00903,1,1.67e-07,0.000998,-0.000125,0,-0,1.21,0,0.634,0.0156,0
-0.00147,0,0,0,0,-0.00294,1,1.67e-07,0.000972,-0.000123,0,-0,1.2,0,0.638,0.0152,0
0.00155,0,0,0,0,0.0031,1,1.67e-07,0.000947,-0.00012,0,-0,1.18,0,0.642,0.0147,0
0.00454,0,0,0,0,0.00908,1,1.67e-07,0.000922,-0.000118,0,-0,1.17,0,0.646,0.0142,0
0.00751,0,0,0,0,0.015,1,1.67e-07,0.000896,-0.000115,0,-0,1.15,0,0.649,0.0137,0
0.0104,0,0,0,0,0.0209,1,1.67e-07,0.000871,-0.000112,0,-0,1.14,0,0.653,0.0133,0
0.0133,0,0,0,0,0.0267,1,1.67e-07,0.000846,-0.000109,0,-0,1.12,0,0.657,0.0128,0
0.0162,0,0,0,0,0.0324,1,1.67e-07,0.000821,-0.000107,0,-0,1.11,0,0.66,0.0123,0
0.0191,0,0,0,0,0.0381,1,1.67e-07,0.000796,-0.000104,0,-0,1.09,0,0.664,0.0119,0
0.0219,0,0,0,0,0.0437,1,1.67e-07,0.000772,-0.000101,0,-0,1.07,0,0.667,0.0114,0
0.0246,0,0,0,0,0.0493,1,1.67e-07,0.000747,-9.82e-05,0,-0,1.05,0,0.67,0.011,0
0.0274,0,0,0,0,0.0547,1,1.67e-07,0.000723,-9.54e-05,0,-0,1.04,0,0.674,0.0106,0
0.03,0,0,0,0,0.0601,1,1.67e-07,0.000699,-9.26e-05,0,-0,1.02,0,0.677,0.0102,0
0.0327,0,0,0,0,0.0654,1,1.67e-07,0.000675,-8.98e-05,0,-0,1,0,0.68,0.00974,0
0.0353,0,0,0,0,0.0706,1,1.67e-07,0.000651,-8.7e-05,0,-0,0.983,0,0.683,0.00933,0
0.0379,0,0,0,0,0.0757,1,1.67e-07,0.000628,-8.42e-05,0,-0,0.964,0,0.686,0.00893,0
0.0404,0,0,0,0,0.0807,1,1.67e-07,0.000605,-8.14e-05,0,-0,0.946,0,0.689,0.00853,0
0.0428,0,0,0,0,0.0857,1,1.67e-07,0.000582,-7.86e-05,0,-0,0.927,0,0.692,0.00814,0
0.0453,0,0,0,0,0.0905,1,1.67e-07,0.00056,-7.58e-05,0,-0,0.907,0,0.695,0.00776,0
0.0476,0,0,0,0,0.0952,1,1.67e-07,0.000538,-7.31e-05,0,-0,0.888,0,0.697,0.00739,0
0.0499,0,0,0,0,0.0999,1,1.67e-07,0.000516,-7.04e-05,0,-0,0.868,0,0.7,0.00702,0
0.0522,0,0,0,0,0.104,1,1.67e-07,0.000495,-6.77e-05,0,-0,0.848,0,0.703,0.00667,0
0.0544,0,0,0,0,0.109,1,1.67e-07,0.000474,-6.5e-05,0,-0,0.828,0,0.705,0.00632,0
0.0566,0,0,0,0,0.113,1,1.67e-07,0.000453,-6.24e-05,0,-0,0.808,0,0.708,0.00598,0
0.0587,0,0,0,0,0.117,1,1.67e-07,0.000433,-5.98e-05,0,-0,0.788,0,0.71,0.00564,0
0.0607,0,0,0,0,0.121,1,1.67e-07,0.000413,-5.72e-05,0,-0,0.767,0,0.713,0.00532,0
0.0627,0,0,0,0,0.125,1,1.67e-07,0.000394,-5.47e-05,0,-0,0.747,0,0.715,0.005,0
0.0646,0,0,0,0,0.129,1,1.67e-07,0.000375,-5.22e-05,0,-0,0.726,0,0.717,0.00469,0
0.0665,0,0,0,0,0.133,1,1.67e-07,0.000356,-4.98e-05,0,-0,0.705,0,0.719,0.0044,0
0.0683,0,0,0,0,0.137,1,1.67e-07,0.000338,-4.74e-05,0,-0,0.684,0,0.721,0.00411,0
0.07,0,0,0,0,0.14,1,1.67e-07,0.00032,-4.5e-05,0,-0,0.663,0,0.723,0.00383,0
0.0717,0,0,0,0,0.143,1,1.67e-07,0.000303,-4.27e-05,0,-0,0.642,0,0.725,0.00355,0
0.0733,0,0,0,0,0.147,1,1.67e-07,0.000286,-4.04e-05,0,-0,0.621,0,0.727,0.00329,0
0.0749,0,0,0,0,0.15,1,1.67e-07,0.00027,-3.82e-05,0,-0,0.6,0,0.729,0.00304,0
0.0764,0,0,0,0,0.153,1,1.67e-07,0.000254,-3.6e-05,0,-0,0.579,0,0.731,0.0028,0
0.0778,0,0,0,0,0.156,1,1.67e-07,0.000239,-3.39e-05,0,-0,0.558,0,0.732,0.00256,0
0.0792,0,0,0,0,0.158,1,1.67e-07,0.000224,-3.18e-05,0,-0,0.536,0,0.734,0.00234,0
0.0805,0,0,0,0,0.161,1,1.67e-07,0.000209,-2.98e-05,0,-0,0.515,0,0.735,0.00212,0
0.0818,0,0,0,0,0.164,1,1.67e-07,0.000195,-2.78e-05,0,-0,0.494,0,0.737,0.00192,0
0.083,0,0,0,0,0.166,1,1.67e-07,0.000181,-2.59e-05,0,-0,0.473,0,0.738,0.00173,0
0.0841,0,0,0,0,0.168,1,1.67e-07,0.000168,-2.4e-05,0,-0,0.451,0,0.739,0.00154,0
0.0852,0,0,0,0,0.17,1,1.67e-07,0.000154,-2.22e-05,0,-0,0.43,0,0.741,0.00137,0
0.0862,0,0,0,0,0.172,1,1.67e-07,0.000142,-2.03e-05,0,-0,0.409,0,0.742,0.0012,0
0.0872,0,0,0,0,0.174,1,1.67e-07,0.000129,-1.86e-05,0,-0,0.387,0,0.743,0.00105,0
0.0881,0,0,0,0,0.176,1,1.67e-07,0.000117,-1.68e-05,0,-0,0.366,0,0.744,0.000905,0
0.0889,0,0,0,0,0.178,1,1.67e-07,0.000105,-1.51e-05,0,-0,0.344,0,0.745,0.000772,0
0.0897,0,0,0,0,0.179,1,1.67e-07,9.29e-05,-1.34e-05,0,-0,0.323,0,0.746,0.000649,0
0.0904,0,0,0,0,0.181,1,1.67e-07,8.19e-05,-1.18e-05,0,-0,0.303,0,0.746,0.000537,0
0.091,0,0,0,0,0.182,1,1.67e-07,7.23e-05,-1.05e-05,0,-0,0.285,0,0.747,0.000435,0
0.0916,0,0,0,0,0.183,1,1.67e-07,6.52e-05,-9.45e-06,0,-0,0.274,0,0.748,0.000344,0
0.0921,0,0,0,0,0.184,1,1.67e-07,6.21e-05,-9e-06,0,-0,0.274,0,0.748,0.000264,0
0.0926,0,0,0,0,0.185,1,1.67e-07,6.44e-05,-9.34e-06,0,-0,0.292,0,0.749,0.000194,0
0.093,0,0,0,0,0.186,1,1.67e-07,7.2e-05,-1.04e-05,0,-0,0.338,0,0.749,0.000135,0
0.0933,0,0,0,0,0.187,1,1.67e-07,7.91e-05,-1.15e-05,0,-0,0.408,0,0.749,8.62e-05,0
0.0935,0,0,0,0,0.187,1,1.67e-07,6.87e-05,-9.98e-06,0,-0,0.458,0,0.75,4.85e-05,0
0.0936,0,0,0,0,0.187,1,1.67e-07,4.93e-06,-7.16e-07,0,-0,0.151,0,0.75,2.15e-05,0
0.0992,0,0,0,0,0.198,1,1.67e-07,-0.000186,2.71e-05,0,-0,1.13,0,0.75,5.39e-06,0
